Order_ID,Customer_ID,Date,Customer_Age,Gender,City,Department,Product,Category,Quantity,Unit_Price,Discount_Percent,Payment_Method,Order_Status,Rating,Delivery_Days,Employee_Experience,Gross_Amount,Discount_Amount,Net_Amount
ORD10001,CUST1001,2024-01-01,56.0,Male,Lahore,IT,Mouse,Office,6,105836.96,7.97,Cash,Completed,4.1,7.0,1,635021.76,50611.23,584410.53
ORD10002,CUST1002,2024-01-01,46.0,Female,Multan,HR,Headphones,Office,7,196373.45,26.87,Cash,Completed,1.4,1.0,9,1374614.15,369358.82,1005255.33
ORD10003,CUST1003,2024-01-02,32.0,Male,Burewala,Sales,Webcam,Electronics,4,49330.3,3.1,Cash,Returned,3.1,14.0,12,197321.2,6116.96,191204.24
ORD10004,CUST1004,2024-01-03,60.0,Female,Gujranwala,Sales,Tablet,Electronics,1,205153.2,19.7,JazzCash,Completed,1.9,7.0,13,205153.2,40415.18,164738.02
ORD10005,CUST1005,2024-01-04,25.0,Male,Karachi,Finance,Phone,Office,1,162362.4,27.21,EasyPaisa,Pending,1.7,4.0,15,162362.4,44178.81,118183.59
ORD10006,CUST1006,2024-01-05,38.0,Male,Karachi,Operations,Tablet,Electronics,6,105032.96,5.06,Bank Transfer,Completed,4.2,5.0,5,630197.76,31888.01,598309.75
ORD10007,CUST1007,2024-01-06,56.0,Female,Rawalpindi,Sales,Webcam,Office,7,114778.14,29.05,JazzCash,Completed,1.5,8.0,1,803446.98,233401.35,570045.63
ORD10008,CUST1008,2024-01-07,36.0,Female,Islamabad,Operations,Headphones,Office,4,64533.48,13.59,JazzCash,Completed,2.9,4.0,2,258133.92,35080.4,223053.52
ORD10009,CUST1009,2024-01-08,40.0,Female,Rawalpindi,Operations,Webcam,Electronics,2,188152.53,28.37,EasyPaisa,Completed,4.8,4.0,0,376305.06,106757.75,269547.31
ORD10010,CUST1010,2024-01-09,28.0,Female,Peshawar,Finance,Phone,Electronics,5,128462.25,20.3,JazzCash,Cancelled,1.7,8.0,4,642311.25,130389.18,511922.07
ORD10011,CUST1011,2024-01-10,28.0,Male,Lahore,Finance,Keyboard,Accessories,5,80553.21,9.05,Cash,Completed,4.9,,8,402766.05,36450.33,366315.72
ORD10012,CUST1012,2024-01-11,41.0,Female,Multan,Finance,Monitor,Accessories,3,149214.5,5.65,Cash,Completed,5.0,13.0,1,447643.5,25291.86,422351.64
ORD10013,CUST1013,2024-01-12,53.0,Male,Islamabad,Sales,Phone,Accessories,4,248935.75,9.11,Card,Cancelled,3.2,6.0,11,995743.0,90712.19,905030.81
ORD10014,CUST1014,2024-01-13,,Male,Burewala,Finance,Webcam,Office,7,109097.94,2.79,JazzCash,Completed,1.7,12.0,6,763685.58,21306.83,742378.75
ORD10015,CUST1015,2024-01-14,41.0,Female,Peshawar,Sales,Webcam,Electronics,3,230212.5,4.32,Card,Completed,2.3,11.0,4,690637.5,29835.54,660801.96
ORD10016,CUST1016,2024-01-15,20.0,Male,Burewala,Finance,Mouse,Office,6,86581.7,3.14,Bank Transfer,Completed,2.7,14.0,1,519490.2,16311.99,503178.21
ORD10017,CUST1017,2024-01-16,39.0,Male,Karachi,Marketing,Mouse,Electronics,7,14155.81,12.69,Cash,Pending,2.2,5.0,7,99090.67,12574.61,86516.06
ORD10018,CUST1018,2024-01-17,19.0,Male,Karachi,Operations,Printer,Office,3,51458.41,23.87,Bank Transfer,Completed,2.1,1.0,10,154375.23,36849.37,117525.86
ORD10019,CUST1019,2024-01-17,41.0,Male,Rawalpindi,Finance,Mouse,Accessories,1,104964.44,4.24,EasyPaisa,Completed,4.9,7.0,14,104964.44,4450.49,100513.95
ORD10020,CUST1020,2024-01-18,61.0,Female,Lahore,IT,Laptop,Accessories,5,55298.91,3.91,Cash,Completed,1.6,6.0,12,276494.55,10810.94,265683.61
ORD10021,CUST1021,2024-01-19,47.0,Female,Islamabad,Operations,Monitor,Accessories,7,556.65,19.3,Bank Transfer,Returned,3.9,2.0,12,3896.55,752.03,3144.52
ORD10022,CUST1022,2024-01-20,55.0,Female,Sialkot,Operations,Headphones,Office,3,228792.88,5.92,EasyPaisa,Completed,1.0,11.0,15,686378.64,40633.62,645745.02
ORD10023,CUST1023,2024-01-21,19.0,Female,Peshawar,Finance,Phone,Electronics,1,211047.91,2.93,Bank Transfer,Completed,3.4,7.0,5,211047.91,6183.7,204864.21
ORD10024,CUST1024,2024-01-22,38.0,Male,Peshawar,HR,Webcam,Electronics,4,185701.91,5.01,EasyPaisa,Completed,4.7,6.0,3,742807.64,37214.66,705592.98
ORD10025,CUST1025,2024-01-23,,Male,Rawalpindi,Finance,Printer,Accessories,3,42369.74,27.71,EasyPaisa,Returned,2.2,5.0,12,127109.22,35221.96,91887.26
ORD10026,CUST1026,2024-01-24,29.0,Female,Karachi,Operations,Printer,Accessories,6,30530.71,24.64,Cash,Pending,1.7,8.0,3,183184.26,45136.6,138047.66
ORD10027,CUST1027,2024-01-25,39.0,Female,Rawalpindi,IT,Headphones,Accessories,6,17367.38,10.62,Card,Returned,3.6,5.0,1,104204.28,11066.49,93137.79
ORD10028,CUST1028,2024-01-26,61.0,Female,Multan,Operations,Monitor,Accessories,6,181145.28,19.67,EasyPaisa,Completed,3.9,11.0,2,1086871.68,213787.66,873084.02
ORD10029,CUST1029,2024-01-27,42.0,Male,Islamabad,IT,Phone,Electronics,7,232237.59,16.12,EasyPaisa,Completed,3.8,2.0,14,1625663.13,262056.9,1363606.23
ORD10030,CUST1030,2024-01-28,44.0,Female,Lahore,Sales,Tablet,Office,5,107918.69,20.31,Cash,Completed,2.3,6.0,6,539593.45,109591.43,430002.02
ORD10031,CUST1031,2024-01-29,59.0,Female,Gujranwala,Marketing,Mouse,Office,3,30225.6,20.48,Card,Pending,2.0,14.0,2,90676.8,18570.61,72106.19
ORD10032,CUST1032,2024-01-30,45.0,Female,Faisalabad,Operations,Keyboard,Office,4,128342.01,18.86,JazzCash,Completed,4.8,12.0,12,513368.04,96821.21,416546.83
ORD10033,CUST1033,2024-01-31,33.0,Male,Faisalabad,Finance,Printer,Office,3,87533.56,7.98,JazzCash,Completed,4.7,1.0,4,262600.68,20955.53,241645.15
ORD10034,CUST1034,2024-02-01,32.0,Male,Rawalpindi,Sales,Mouse,Accessories,5,94018.82,1.17,Card,Pending,2.8,5.0,9,470094.1,5500.1,464594.0
ORD10035,CUST1035,2024-02-02,64.0,Male,Multan,Marketing,Mouse,Accessories,1,155521.99,13.67,Bank Transfer,Completed,4.4,14.0,5,155521.99,21259.86,134262.13
ORD10036,CUST1036,2024-02-03,61.0,Male,Islamabad,Finance,Laptop,Accessories,5,179820.17,26.73,Cash,Completed,2.8,6.0,5,899100.85,240329.66,658771.19
ORD10037,CUST1037,2024-02-03,20.0,Male,Sialkot,HR,Monitor,Office,6,28095.6,17.08,Card,Completed,2.7,7.0,13,168573.6,28792.37,139781.23
ORD10038,CUST1038,2024-02-04,54.0,Male,Faisalabad,Finance,Keyboard,Accessories,7,9379.76,24.97,JazzCash,Completed,1.6,14.0,3,65658.32,16394.88,49263.44
ORD10039,CUST1039,2024-02-05,24.0,Male,Islamabad,IT,Tablet,Accessories,1,248585.41,29.75,EasyPaisa,Pending,2.7,2.0,5,248585.41,73954.16,174631.25
ORD10040,CUST1040,2024-02-06,38.0,Male,Lahore,IT,Webcam,Electronics,7,58565.72,4.91,JazzCash,Completed,3.1,1.0,2,409960.04,20129.04,389831.0
ORD10041,CUST1041,2024-02-07,26.0,Female,Burewala,HR,Laptop,Electronics,6,13930.72,20.75,EasyPaisa,Completed,1.1,6.0,6,83584.32,17343.75,66240.57
ORD10042,CUST1042,2024-02-08,56.0,Female,Multan,Sales,Mouse,Accessories,2,47873.89,20.23,Cash,Completed,2.8,3.0,6,95747.78,19369.78,76378.0
ORD10043,CUST1043,2024-02-09,35.0,Male,Karachi,Marketing,Mouse,Electronics,5,10219.98,29.4,EasyPaisa,Completed,4.1,5.0,3,51099.9,15023.37,36076.53
ORD10044,CUST1044,2024-02-10,21.0,Male,Islamabad,Finance,Smartwatch,Electronics,5,98256.82,,Card,Completed,3.7,12.0,1,491284.1,145272.71,346011.39
ORD10045,CUST1045,2024-02-11,42.0,Female,Lahore,IT,Keyboard,Accessories,4,200699.25,20.6,EasyPaisa,Completed,3.5,,10,802797.0,165376.18,637420.82
ORD10046,CUST1046,2024-02-12,31.0,Male,Sialkot,Sales,Keyboard,Accessories,3,85640.49,,Bank Transfer,Completed,4.6,13.0,6,256921.47,18780.96,238140.51
ORD10047,CUST1047,2024-02-13,26.0,Male,Gujranwala,HR,Smartwatch,Accessories,1,111323.76,23.96,Card,Completed,1.1,2.0,2,111323.76,26673.17,84650.59
ORD10048,CUST1048,2024-02-14,43.0,Male,Karachi,Operations,Keyboard,Accessories,7,169058.9,3.21,Cash,Completed,3.2,1.0,14,1183412.3,37987.53,1145424.77
ORD10049,CUST1049,2024-02-15,19.0,Female,Gujranwala,IT,Mouse,Office,1,127469.07,23.42,Card,Completed,4.1,1.0,0,127469.07,29853.26,97615.81
ORD10050,CUST1050,2024-02-16,37.0,Female,Sialkot,HR,Printer,Office,4,215430.7,27.31,Bank Transfer,Cancelled,3.2,13.0,1,861722.8,235336.5,626386.3
ORD10051,CUST1051,2024-02-17,45.0,Female,Lahore,Finance,Phone,Accessories,4,216575.9,11.49,Cash,Completed,2.3,11.0,9,866303.6,99538.28,766765.32
ORD10052,CUST1052,2024-02-18,64.0,Female,Faisalabad,Marketing,Mouse,Electronics,7,2972.72,18.92,JazzCash,Pending,1.5,4.0,15,20809.04,3937.07,16871.97
ORD10053,CUST1053,2024-02-19,24.0,Female,Gujranwala,IT,Laptop,Accessories,3,194622.55,12.9,Bank Transfer,Completed,4.6,10.0,8,583867.65,75318.93,508548.72
ORD10054,CUST1054,2024-02-19,61.0,Male,Karachi,IT,Monitor,Accessories,7,115453.03,13.13,Cash,Completed,2.9,13.0,11,808171.21,106112.88,702058.33
ORD10055,CUST1055,2024-02-20,25.0,Female,Rawalpindi,Finance,Smartwatch,Electronics,7,247215.72,9.31,EasyPaisa,Completed,4.5,2.0,14,1730510.04,161110.48,1569399.56
ORD10056,CUST1056,2024-02-21,64.0,Male,Peshawar,Operations,Tablet,Office,6,121066.4,22.86,Card,Completed,3.3,1.0,7,726398.4,166054.67,560343.73
ORD10057,CUST1057,2024-02-22,52.0,Male,Islamabad,Sales,Webcam,Accessories,3,246730.54,28.09,Cash,Completed,,6.0,14,740191.62,207919.83,532271.79
ORD10058,CUST1058,2024-02-23,31.0,Female,Faisalabad,Marketing,Tablet,Accessories,5,188765.06,28.22,Card,Completed,4.2,14.0,14,943825.3,266347.5,677477.8
ORD10059,CUST1059,2024-02-24,34.0,Female,Gujranwala,IT,Mouse,Office,6,62526.92,5.24,EasyPaisa,Returned,3.6,4.0,13,375161.52,19658.46,355503.06
ORD10060,CUST1060,2024-02-25,53.0,Male,Burewala,Marketing,Laptop,Office,2,134829.55,26.24,Cash,Completed,2.6,10.0,5,269659.1,70758.55,198900.55
ORD10061,CUST1061,2024-02-26,57.0,Male,Islamabad,IT,Mouse,Electronics,3,248037.84,22.12,JazzCash,Completed,3.1,13.0,13,744113.52,164597.91,579515.61
ORD10062,CUST1062,2024-02-27,21.0,Male,Rawalpindi,Marketing,Monitor,Office,4,214453.89,7.59,Bank Transfer,Pending,4.2,12.0,5,857815.56,65108.2,792707.36
ORD10063,CUST1063,2024-02-28,19.0,Female,Sialkot,HR,Printer,Office,6,24793.04,2.02,Cash,Completed,2.5,7.0,13,148758.24,3004.92,145753.32
ORD10064,CUST1064,2024-02-29,23.0,Female,Peshawar,IT,Webcam,Office,3,176739.81,,EasyPaisa,Pending,2.6,11.0,0,530219.43,42629.64,487589.79
ORD10065,CUST1065,2024-03-01,59.0,Female,Lahore,Marketing,Monitor,Electronics,1,86722.11,27.37,Cash,Completed,1.4,6.0,1,86722.11,23735.84,62986.27
ORD10066,CUST1066,2024-03-02,21.0,Female,Rawalpindi,Sales,Smartwatch,Office,7,2242.07,19.0,Card,Returned,4.7,5.0,3,15694.49,2981.95,12712.54
ORD10067,CUST1067,2024-03-03,46.0,Female,Rawalpindi,HR,Smartwatch,Office,2,101168.5,21.63,Cash,Completed,1.4,10.0,2,202337.0,43765.49,158571.51
ORD10068,CUST1068,2024-03-04,35.0,Male,Sialkot,HR,Mouse,Electronics,5,59071.23,7.71,JazzCash,Completed,3.6,12.0,13,295356.15,22771.96,272584.19
ORD10069,CUST1069,2024-03-05,43.0,Female,Multan,Sales,Laptop,Office,7,204807.88,21.58,Cash,Completed,2.7,13.0,0,1433655.16,309382.78,1124272.38
ORD10070,CUST1070,2024-03-06,61.0,Male,Sialkot,Marketing,Monitor,Office,1,84663.99,0.84,Bank Transfer,Completed,2.6,12.0,15,84663.99,711.18,83952.81
ORD10071,CUST1071,2024-03-07,51.0,Male,Multan,Finance,Headphones,Electronics,1,206967.16,11.26,Cash,Completed,3.7,12.0,7,206967.16,23304.5,183662.66
ORD10072,CUST1072,2024-03-07,27.0,Male,Multan,Sales,Laptop,Accessories,2,649.19,18.8,Card,Completed,1.3,12.0,6,1298.38,244.1,1054.28
ORD10073,CUST1073,2024-03-08,53.0,Female,Faisalabad,Marketing,Printer,Electronics,5,77300.88,4.38,Cash,Completed,3.4,2.0,3,386504.4,16928.89,369575.51
ORD10074,CUST1074,2024-03-09,31.0,Female,Faisalabad,Sales,Smartwatch,Office,4,60670.72,24.69,JazzCash,Completed,4.1,5.0,15,242682.88,59918.4,182764.48
ORD10075,CUST1075,2024-03-10,48.0,Female,Karachi,Sales,Mouse,Office,6,58775.06,7.05,EasyPaisa,Pending,4.3,9.0,11,352650.36,24861.85,327788.51
ORD10076,CUST1076,2024-03-11,65.0,Male,Gujranwala,IT,Keyboard,Office,5,17512.56,19.57,Cash,Pending,1.7,9.0,11,87562.8,17136.04,70426.76
ORD10077,CUST1077,2024-03-12,32.0,Male,Gujranwala,Marketing,Smartwatch,Electronics,3,47187.51,12.16,Cash,Completed,4.6,2.0,8,141562.53,17214.0,124348.53
ORD10078,CUST1078,2024-03-13,25.0,Male,Lahore,Finance,Webcam,Office,1,139109.62,17.88,Bank Transfer,Completed,3.6,7.0,10,139109.62,24872.8,114236.82
ORD10079,CUST1079,2024-03-14,31.0,Male,Gujranwala,IT,Phone,Office,3,73194.59,3.22,JazzCash,Pending,4.5,10.0,13,219583.77,7070.6,212513.17
ORD10080,CUST1080,2024-03-15,40.0,Male,Faisalabad,Sales,Keyboard,Electronics,4,104640.0,0.51,EasyPaisa,Completed,2.9,14.0,3,418560.0,2134.66,416425.34
ORD10081,CUST1081,2024-03-16,57.0,Male,Karachi,Operations,Mouse,Accessories,3,94528.29,27.29,Card,Cancelled,3.2,4.0,0,283584.87,77390.31,206194.56
ORD10082,CUST1082,2024-03-17,38.0,Female,Karachi,Sales,Headphones,Accessories,5,219038.28,8.09,Cash,Cancelled,4.7,13.0,14,1095191.4,88600.98,1006590.42
ORD10083,CUST1083,2024-03-18,33.0,Female,Multan,Sales,Keyboard,Office,3,226372.1,24.59,EasyPaisa,Completed,4.6,13.0,9,679116.3,166994.7,512121.6
ORD10084,CUST1084,2024-03-19,62.0,Female,Sialkot,Marketing,Webcam,Electronics,4,123492.76,29.98,Card,Pending,2.8,3.0,14,493971.04,148092.52,345878.52
ORD10085,CUST1085,2024-03-20,35.0,Female,Lahore,Marketing,Laptop,Office,4,82873.91,6.34,JazzCash,Completed,2.1,11.0,0,331495.64,21016.82,310478.82
ORD10086,CUST1086,2024-03-21,64.0,Male,Multan,IT,Headphones,Electronics,4,27146.78,7.96,JazzCash,Completed,2.6,1.0,0,108587.12,8643.53,99943.59
ORD10087,CUST1087,2024-03-22,41.0,Male,Sialkot,Finance,Smartwatch,Electronics,5,238374.02,19.89,EasyPaisa,Completed,2.6,3.0,0,1191870.1,237062.96,954807.14
ORD10088,CUST1088,2024-03-23,43.0,Female,Gujranwala,IT,Headphones,Accessories,4,15526.62,28.96,Card,Completed,2.1,11.0,3,62106.48,17986.04,44120.44
ORD10089,CUST1089,2024-03-23,,Male,Multan,HR,Monitor,Accessories,1,74763.74,27.47,JazzCash,Pending,2.1,9.0,0,74763.74,20537.6,54226.14
ORD10090,CUST1090,2024-03-24,62.0,Female,Islamabad,Sales,Webcam,Electronics,7,74867.52,15.09,EasyPaisa,Completed,4.4,14.0,1,524072.64,79082.56,444990.08
ORD10091,CUST1091,2024-03-25,58.0,Female,Gujranwala,Operations,Keyboard,Office,4,80440.12,23.85,JazzCash,Completed,1.3,9.0,3,321760.48,76739.87,245020.61
ORD10092,CUST1092,2024-03-26,46.0,Female,Sialkot,Sales,Monitor,Accessories,3,41489.57,4.07,JazzCash,Completed,3.7,7.0,6,124468.71,5065.88,119402.83
ORD10093,CUST1093,2024-03-27,32.0,Male,Lahore,Sales,Headphones,Office,6,195898.78,29.32,JazzCash,Completed,1.7,3.0,1,1175392.68,344625.13,830767.55
ORD10094,CUST1094,2024-03-28,62.0,Female,Sialkot,IT,Monitor,Accessories,3,31063.22,28.93,Bank Transfer,Cancelled,2.4,13.0,7,93189.66,26959.77,66229.89
ORD10095,CUST1095,2024-03-29,18.0,Female,Multan,Operations,Tablet,Accessories,6,158909.21,4.91,Card,Completed,1.2,3.0,12,953455.26,46814.65,906640.61
ORD10096,CUST1096,2024-03-30,42.0,Female,Multan,Operations,Webcam,Office,3,31399.58,8.98,EasyPaisa,Completed,2.1,4.0,6,94198.74,8459.05,85739.69
ORD10097,CUST1097,2024-03-31,24.0,Male,Rawalpindi,Operations,Printer,Accessories,5,18098.64,3.0,EasyPaisa,Completed,4.1,7.0,8,90493.2,2714.8,87778.4
ORD10098,CUST1098,2024-04-01,26.0,Male,Lahore,IT,Laptop,Accessories,3,227402.66,8.15,Card,Completed,4.5,7.0,13,682207.98,55599.95,626608.03
ORD10099,CUST1099,2024-04-02,41.0,Female,Burewala,Sales,Headphones,Office,5,47937.13,24.48,Card,Completed,1.9,12.0,5,239685.65,58675.05,181010.6
ORD10100,CUST1100,2024-04-03,18.0,Male,Gujranwala,IT,Webcam,Accessories,5,205401.91,11.35,Card,Completed,2.9,12.0,3,1027009.55,116565.58,910443.97
ORD10101,CUST1101,2024-04-04,61.0,Male,Karachi,Marketing,Printer,Accessories,4,136385.4,2.65,Card,Completed,2.9,14.0,5,545541.6,14456.85,531084.75
ORD10102,CUST1102,2024-04-05,25.0,Male,Lahore,Marketing,Printer,Accessories,1,19925.2,10.27,Cash,Completed,4.5,2.0,14,19925.2,2046.32,17878.88
ORD10103,CUST1103,2024-04-06,41.0,Male,Karachi,IT,Mouse,Office,6,238884.32,29.44,EasyPaisa,Pending,4.1,12.0,3,1433305.92,421965.26,1011340.66
ORD10104,CUST1104,2024-04-07,28.0,Male,Lahore,Operations,Monitor,Electronics,4,62116.81,18.89,Cash,Completed,3.1,5.0,6,248467.24,46935.46,201531.78
ORD10105,CUST1105,2024-04-08,34.0,Male,Lahore,Sales,Printer,Office,4,214981.51,12.48,JazzCash,Completed,3.7,7.0,8,859926.04,107318.77,752607.27
ORD10106,CUST1106,2024-04-09,25.0,Male,Sialkot,IT,Tablet,Electronics,7,42618.1,5.0,JazzCash,Completed,4.4,7.0,2,298326.7,14916.34,283410.36
ORD10107,CUST1107,2024-04-09,52.0,Male,Lahore,IT,Webcam,Accessories,5,213558.75,29.59,EasyPaisa,Pending,1.0,6.0,2,1067793.75,315960.17,751833.58
ORD10108,CUST1108,2024-04-10,52.0,Male,Rawalpindi,IT,Phone,Electronics,5,3800.59,24.63,JazzCash,Pending,2.6,10.0,1,19002.95,4680.43,14322.52
ORD10109,CUST1109,2024-04-11,50.0,Male,Burewala,HR,Phone,Office,6,128189.22,8.44,Card,Cancelled,4.6,10.0,0,769135.32,64915.02,704220.3
ORD10110,CUST1110,2024-04-12,22.0,Female,Multan,Marketing,Headphones,Office,3,192475.92,2.1,Cash,Completed,4.0,12.0,13,577427.76,12125.98,565301.78
ORD10111,CUST1111,2024-04-13,59.0,Female,Peshawar,Operations,Smartwatch,Accessories,3,233731.48,1.7,Card,Returned,3.2,8.0,0,701194.44,11920.31,689274.13
ORD10112,CUST1112,2024-04-14,56.0,Male,Karachi,Finance,Monitor,Electronics,4,227345.93,3.61,JazzCash,Completed,3.1,3.0,12,909383.72,32828.75,876554.97
ORD10113,CUST1113,2024-04-15,58.0,Female,Multan,Operations,Smartwatch,Accessories,2,204996.4,17.42,Cash,Completed,2.4,1.0,2,409992.8,71420.75,338572.05
ORD10114,CUST1114,2024-04-16,45.0,Female,Peshawar,Finance,Printer,Accessories,2,222103.74,27.86,Card,Returned,3.1,3.0,13,444207.48,123756.2,320451.28
ORD10115,CUST1115,2024-04-17,24.0,Male,Burewala,HR,Webcam,Office,3,50205.31,14.9,EasyPaisa,Completed,3.6,11.0,6,150615.93,22441.77,128174.16
ORD10116,CUST1116,2024-04-18,26.0,Male,Burewala,IT,Headphones,Electronics,2,71403.98,25.29,Card,Completed,2.7,2.0,14,142807.96,36116.13,106691.83
ORD10117,CUST1117,2024-04-19,25.0,Male,Karachi,HR,Keyboard,Electronics,7,72597.65,13.38,JazzCash,Completed,3.9,2.0,10,508183.55,67994.96,440188.59
ORD10118,CUST1118,2024-04-20,29.0,Female,Karachi,HR,Printer,Electronics,3,94574.96,21.26,Cash,Completed,4.4,14.0,8,283724.88,60319.91,223404.97
ORD10119,CUST1119,2024-04-21,51.0,Female,Burewala,Sales,Monitor,Electronics,5,98633.51,21.96,EasyPaisa,Cancelled,1.6,14.0,13,493167.55,108299.59,384867.96
ORD10120,CUST1120,2024-04-22,50.0,Male,Peshawar,Marketing,Phone,Accessories,4,136366.55,5.22,Cash,Completed,2.8,2.0,1,545466.2,28473.34,516992.86
ORD10121,CUST1121,2024-04-23,65.0,Male,Lahore,Finance,Mouse,Accessories,1,40390.0,10.84,EasyPaisa,Completed,2.6,5.0,6,40390.0,4378.28,36011.72
ORD10122,CUST1122,2024-04-24,40.0,Male,Gujranwala,IT,Webcam,Office,4,172966.04,19.12,Cash,Completed,3.7,13.0,0,691864.16,132284.43,559579.73
ORD10123,CUST1123,2024-04-25,41.0,Female,Islamabad,Finance,Laptop,Accessories,3,42307.85,2.12,JazzCash,Completed,2.0,1.0,1,126923.55,2690.78,124232.77
ORD10124,CUST1124,2024-04-25,54.0,Female,Multan,Operations,Smartwatch,Accessories,7,77921.97,10.85,EasyPaisa,Completed,3.6,10.0,15,545453.79,59181.74,486272.05
ORD10125,CUST1125,2024-04-26,52.0,Female,Sialkot,Finance,Headphones,Office,3,126084.61,16.04,Bank Transfer,Completed,4.5,4.0,5,378253.83,60671.91,317581.92
ORD10126,CUST1126,2024-04-27,61.0,Female,Multan,Operations,Smartwatch,Office,4,199211.92,29.89,Cash,Completed,2.7,14.0,10,796847.68,238177.77,558669.91
ORD10127,CUST1127,2024-04-28,57.0,Male,Sialkot,Marketing,Webcam,Office,7,184997.57,14.24,Cash,Completed,4.6,10.0,15,1294982.99,184405.58,1110577.41
ORD10128,CUST1128,2024-04-29,39.0,Male,Peshawar,Operations,Smartwatch,Accessories,7,161560.82,24.48,Card,Cancelled,5.0,5.0,4,1130925.74,276850.62,854075.12
ORD10129,CUST1129,2024-04-30,44.0,Male,Sialkot,Finance,Webcam,Accessories,7,39365.43,12.96,EasyPaisa,Completed,1.4,2.0,7,275558.01,35712.32,239845.69
ORD10130,CUST1130,2024-05-01,52.0,Male,Karachi,Finance,Smartwatch,Office,6,136987.81,23.89,Bank Transfer,Completed,1.9,5.0,11,821926.86,196358.33,625568.53
ORD10131,CUST1131,2024-05-02,18.0,Female,Gujranwala,Operations,Tablet,Office,3,22317.9,17.86,JazzCash,Completed,4.8,10.0,10,66953.7,11957.93,54995.77
ORD10132,CUST1132,2024-05-03,52.0,Female,Gujranwala,HR,Keyboard,Office,2,94652.11,26.6,Card,Completed,4.8,4.0,1,189304.22,50354.92,138949.3
ORD10133,CUST1133,2024-05-04,54.0,Male,Karachi,Marketing,Printer,Accessories,2,103672.37,12.33,Bank Transfer,Pending,1.4,8.0,0,207344.74,25565.61,181779.13
ORD10134,CUST1134,2024-05-05,64.0,Male,Rawalpindi,Sales,Printer,Accessories,3,10432.95,18.13,EasyPaisa,Returned,1.1,1.0,15,31298.85,5674.48,25624.37
ORD10135,CUST1135,2024-05-06,31.0,Female,Peshawar,IT,Monitor,Electronics,3,68860.03,18.9,Bank Transfer,Completed,1.6,12.0,6,206580.09,39043.64,167536.45
ORD10136,CUST1136,2024-05-07,20.0,Male,Rawalpindi,Finance,Laptop,Accessories,6,238934.54,12.52,Cash,Cancelled,5.0,5.0,5,1433607.24,179487.63,1254119.61
ORD10137,CUST1137,2024-05-08,18.0,Female,Rawalpindi,IT,Laptop,Accessories,2,238431.34,,Cash,Completed,1.7,14.0,7,476862.68,20648.15,456214.53
ORD10138,CUST1138,2024-05-09,22.0,Male,Multan,Sales,Monitor,Accessories,3,88405.6,2.81,Card,Completed,3.0,14.0,10,265216.8,7452.59,257764.21
ORD10139,CUST1139,2024-05-10,43.0,Male,Burewala,IT,Mouse,Office,3,11253.48,0.5,EasyPaisa,Completed,,11.0,14,33760.44,168.8,33591.64
ORD10140,CUST1140,2024-05-11,31.0,Male,Multan,Sales,Printer,Accessories,6,45184.19,26.21,EasyPaisa,Completed,1.1,12.0,14,271105.14,71056.66,200048.48
ORD10141,CUST1141,2024-05-12,56.0,Male,Burewala,Operations,Mouse,Office,6,98358.34,7.09,Bank Transfer,Completed,3.4,10.0,12,590150.04,41841.64,548308.4
ORD10142,CUST1142,2024-05-12,44.0,Male,Islamabad,HR,Webcam,Electronics,4,236971.03,6.35,Card,Cancelled,2.1,1.0,13,947884.12,60190.64,887693.48
ORD10143,CUST1143,2024-05-13,26.0,Male,Sialkot,Finance,Webcam,Electronics,6,35729.17,22.08,EasyPaisa,Completed,4.4,10.0,7,214375.02,47334.0,167041.02
ORD10144,CUST1144,2024-05-14,32.0,Male,Burewala,Sales,Phone,Office,1,190997.2,9.6,Cash,Cancelled,2.1,10.0,1,190997.2,18335.73,172661.47
ORD10145,CUST1145,2024-05-15,32.0,Female,Karachi,IT,Smartwatch,Office,2,27616.29,15.18,Bank Transfer,Pending,3.7,4.0,13,55232.58,8384.31,46848.27
ORD10146,CUST1146,2024-05-16,43.0,Female,Multan,Finance,Laptop,Office,4,245323.77,4.88,JazzCash,Completed,3.7,8.0,7,981295.08,47887.2,933407.88
ORD10147,CUST1147,2024-05-17,59.0,Female,Peshawar,HR,Phone,Accessories,1,95713.32,28.79,Cash,Completed,1.9,1.0,5,95713.32,27555.86,68157.46
ORD10148,CUST1148,2024-05-18,30.0,Female,Sialkot,Operations,Keyboard,Electronics,3,193921.02,25.55,Card,Completed,1.1,11.0,8,581763.06,148640.46,433122.6
ORD10149,CUST1149,2024-05-19,49.0,Female,Islamabad,Finance,Monitor,Office,3,85976.48,25.91,EasyPaisa,Returned,2.6,2.0,11,257929.44,66829.52,191099.92
ORD10150,CUST1150,2024-05-20,56.0,Male,Burewala,Sales,Monitor,Accessories,4,157103.38,12.2,Cash,Completed,2.2,1.0,15,628413.52,76666.45,551747.07
ORD10151,CUST1151,2024-05-21,49.0,Male,Islamabad,HR,Webcam,Electronics,6,48408.01,22.87,JazzCash,Completed,4.2,11.0,6,290448.06,66425.47,224022.59
ORD10152,CUST1152,2024-05-22,21.0,Female,Peshawar,IT,Printer,Accessories,7,36932.24,4.32,JazzCash,Completed,4.2,7.0,1,258525.68,11168.31,247357.37
ORD10153,CUST1153,2024-05-23,47.0,Male,Rawalpindi,HR,Mouse,Electronics,7,234547.0,0.26,Card,Completed,2.8,,15,1641829.0,4268.76,1637560.24
ORD10154,CUST1154,2024-05-24,54.0,Female,Gujranwala,HR,Laptop,Accessories,3,229453.0,0.6,Cash,Completed,3.4,1.0,7,688359.0,4130.15,684228.85
ORD10155,CUST1155,2024-05-25,40.0,Female,Peshawar,Marketing,Phone,Electronics,7,221923.5,17.6,Bank Transfer,Completed,3.4,12.0,8,1553464.5,273409.75,1280054.75
ORD10156,CUST1156,2024-05-26,56.0,Male,Faisalabad,HR,Mouse,Electronics,5,156545.65,13.66,Cash,Completed,4.3,6.0,6,782728.25,106920.68,675807.57
ORD10157,CUST1157,2024-05-27,62.0,Male,Peshawar,HR,Phone,Accessories,4,202162.92,15.54,JazzCash,Completed,2.7,6.0,3,808651.68,125664.47,682987.21
ORD10158,CUST1158,2024-05-28,32.0,Male,Islamabad,Finance,Smartwatch,Office,1,17724.72,0.22,Card,Completed,2.1,10.0,8,17724.72,38.99,17685.73
ORD10159,CUST1159,2024-05-28,60.0,Female,Karachi,IT,Keyboard,Electronics,4,84029.87,12.68,Card,Completed,2.1,2.0,3,336119.48,42619.95,293499.53
ORD10160,CUST1160,2024-05-29,46.0,Male,Multan,Finance,Keyboard,Office,2,78768.93,21.54,Bank Transfer,Completed,3.1,1.0,11,157537.86,33933.66,123604.2
ORD10161,CUST1161,2024-05-30,53.0,Female,Karachi,Finance,Mouse,Accessories,6,159093.51,13.28,Card,Completed,2.8,14.0,3,954561.06,126765.71,827795.35
ORD10162,CUST1162,2024-05-31,30.0,Female,Islamabad,Sales,Mouse,Office,6,89311.46,21.97,Card,Completed,2.8,10.0,8,535868.76,117730.37,418138.39
ORD10163,CUST1163,2024-06-01,49.0,Female,Multan,Finance,Mouse,Office,4,37552.44,6.99,Card,Completed,1.4,3.0,13,150209.76,10499.66,139710.1
ORD10164,CUST1164,2024-06-02,24.0,Male,Faisalabad,Marketing,Phone,Office,3,149318.54,24.39,Card,Completed,3.9,10.0,7,447955.62,109256.38,338699.24
ORD10165,CUST1165,2024-06-03,39.0,Male,Gujranwala,Marketing,Smartwatch,Office,3,203688.79,17.65,Card,Completed,1.9,14.0,3,611066.37,107853.21,503213.16
ORD10166,CUST1166,2024-06-04,45.0,Female,Sialkot,Sales,Tablet,Office,5,95839.81,6.32,JazzCash,Completed,1.8,5.0,13,479199.05,30285.38,448913.67
ORD10167,CUST1167,2024-06-05,19.0,Male,Islamabad,Operations,Mouse,Electronics,5,33501.04,7.1,Cash,Completed,2.7,6.0,7,167505.2,11892.87,155612.33
ORD10168,CUST1168,2024-06-06,59.0,Male,Burewala,IT,Printer,Electronics,6,49573.71,18.84,EasyPaisa,Completed,1.9,3.0,14,297442.26,56038.12,241404.14
ORD10169,CUST1169,2024-06-07,62.0,Male,Islamabad,IT,Laptop,Electronics,5,59752.08,24.9,Card,Pending,3.3,9.0,7,298760.4,74391.34,224369.06
ORD10170,CUST1170,2024-06-08,23.0,Female,Islamabad,Finance,Laptop,Accessories,1,75324.45,12.47,EasyPaisa,Pending,,11.0,6,75324.45,9392.96,65931.49
ORD10171,CUST1171,2024-06-09,45.0,Female,Multan,Finance,Phone,Office,5,160877.37,7.75,EasyPaisa,Pending,2.8,5.0,9,804386.85,62339.98,742046.87
ORD10172,CUST1172,2024-06-10,45.0,Male,Lahore,Operations,Mouse,Electronics,1,150435.9,26.01,JazzCash,Completed,3.1,13.0,12,150435.9,39128.38,111307.52
ORD10173,CUST1173,2024-06-11,61.0,Female,Peshawar,Finance,Webcam,Accessories,5,174171.93,20.08,Card,Completed,1.8,2.0,5,870859.65,174868.62,695991.03
ORD10174,CUST1174,2024-06-12,61.0,Male,Lahore,IT,Monitor,Electronics,6,90944.25,13.44,EasyPaisa,Completed,1.6,10.0,7,545665.5,73337.44,472328.06
ORD10175,CUST1175,2024-06-13,37.0,Male,Faisalabad,HR,Tablet,Electronics,6,206087.41,14.64,Card,Completed,4.5,6.0,6,1236524.46,181027.18,1055497.28
ORD10176,CUST1176,2024-06-14,47.0,Male,Burewala,Marketing,Printer,Office,1,51419.87,6.13,Bank Transfer,Completed,2.7,12.0,4,51419.87,3152.04,48267.83
ORD10177,CUST1177,2024-06-14,28.0,Male,Gujranwala,HR,Smartwatch,Accessories,4,117525.67,18.8,Bank Transfer,Completed,2.6,8.0,11,470102.68,88379.3,381723.38
ORD10178,CUST1178,2024-06-15,45.0,Female,Rawalpindi,HR,Webcam,Office,6,200334.21,10.76,Bank Transfer,Pending,1.1,11.0,12,1202005.26,129335.77,1072669.49
ORD10179,CUST1179,2024-06-16,42.0,Female,Faisalabad,IT,Keyboard,Office,4,45449.58,29.87,EasyPaisa,Completed,3.0,6.0,12,181798.32,54303.16,127495.16
ORD10180,CUST1180,2024-06-17,56.0,Female,Rawalpindi,HR,Webcam,Electronics,3,27910.85,14.41,Bank Transfer,Completed,3.2,4.0,3,83732.55,12065.86,71666.69
ORD10181,CUST1181,2024-06-18,50.0,Male,Rawalpindi,Operations,Phone,Office,1,220979.15,14.58,JazzCash,Completed,3.2,6.0,13,220979.15,32218.76,188760.39
ORD10182,CUST1182,2024-06-19,18.0,Male,Gujranwala,Sales,Tablet,Accessories,7,86060.95,16.98,JazzCash,Completed,3.8,8.0,15,602426.65,102292.05,500134.6
ORD10183,CUST1183,2024-06-20,44.0,Male,Karachi,Finance,Headphones,Office,6,171125.6,27.5,EasyPaisa,Completed,1.7,8.0,11,1026753.6,282357.24,744396.36
ORD10184,CUST1184,2024-06-21,30.0,Female,Lahore,Sales,Headphones,Office,2,6824.48,24.02,Card,Cancelled,2.0,13.0,1,13648.96,3278.48,10370.48
ORD10185,CUST1185,2024-06-22,58.0,Male,Islamabad,Marketing,Mouse,Office,3,172666.7,13.53,Cash,Completed,4.2,10.0,10,518000.1,70085.41,447914.69
ORD10186,CUST1186,2024-06-23,20.0,Female,Sialkot,Finance,Mouse,Electronics,4,79367.28,21.56,Card,Pending,4.8,2.0,7,317469.12,68446.34,249022.78
ORD10187,CUST1187,2024-06-24,56.0,Female,Rawalpindi,HR,Phone,Accessories,6,14407.34,17.59,Card,Completed,1.5,8.0,8,86444.04,15205.51,71238.53
ORD10188,CUST1188,2024-06-25,23.0,Female,Burewala,Marketing,Smartwatch,Electronics,1,152648.28,14.77,Card,Cancelled,3.0,6.0,3,152648.28,22546.15,130102.13
ORD10189,CUST1189,2024-06-26,25.0,Female,Faisalabad,Finance,Mouse,Electronics,7,60580.55,5.77,Card,Completed,1.9,2.0,3,424063.85,24468.48,399595.37
ORD10190,CUST1190,2024-06-27,44.0,Female,Karachi,Operations,Monitor,Electronics,5,97008.41,13.92,Cash,Completed,1.2,1.0,4,485042.05,67517.85,417524.2
ORD10191,CUST1191,2024-06-28,26.0,Female,Rawalpindi,Operations,Tablet,Electronics,7,20604.91,7.37,Bank Transfer,Completed,2.3,6.0,1,144234.37,10630.07,133604.3
ORD10192,CUST1192,2024-06-29,54.0,Male,Karachi,Operations,Phone,Electronics,2,37217.23,27.45,Card,Pending,1.6,13.0,6,74434.46,20432.26,54002.2
ORD10193,CUST1193,2024-06-30,50.0,Male,Karachi,Operations,Laptop,Accessories,4,74845.32,10.06,JazzCash,Returned,3.8,7.0,14,299381.28,30117.76,269263.52
ORD10194,CUST1194,2024-06-30,59.0,Female,Rawalpindi,HR,Keyboard,Office,3,22895.0,28.57,EasyPaisa,Completed,3.1,14.0,4,68685.0,19623.3,49061.7
ORD10195,CUST1195,2024-07-01,61.0,Female,Multan,Sales,Phone,Electronics,7,227751.15,15.99,EasyPaisa,Completed,1.6,14.0,5,1594258.05,254921.86,1339336.19
ORD10196,CUST1196,2024-07-02,41.0,Male,Peshawar,Finance,Phone,Electronics,1,2008.74,18.95,JazzCash,Returned,1.0,10.0,15,2008.74,380.66,1628.08
ORD10197,CUST1197,2024-07-03,32.0,Female,Burewala,HR,Headphones,Accessories,2,121223.12,16.29,Card,Completed,4.2,5.0,3,242446.24,39494.49,202951.75
ORD10198,CUST1198,2024-07-04,49.0,Female,Islamabad,Operations,Printer,Accessories,1,31250.24,3.88,Cash,Completed,1.7,14.0,7,31250.24,1212.51,30037.73
ORD10199,CUST1199,2024-07-05,49.0,Male,Islamabad,Sales,Smartwatch,Office,6,77265.93,11.27,Bank Transfer,Completed,3.4,10.0,7,463595.58,52247.22,411348.36
ORD10200,CUST1200,2024-07-06,41.0,Female,Burewala,Marketing,Printer,Accessories,5,231551.86,2.97,EasyPaisa,Completed,2.3,8.0,11,1157759.3,34385.45,1123373.85
ORD10201,CUST1201,2024-07-07,58.0,Female,Multan,Marketing,Monitor,Office,3,40842.79,18.69,Bank Transfer,Pending,3.3,11.0,4,122528.37,22900.55,99627.82
ORD10202,CUST1202,2024-07-08,29.0,Female,Islamabad,Marketing,Laptop,Electronics,1,241475.16,13.41,Cash,Pending,2.3,13.0,15,241475.16,32381.82,209093.34
ORD10203,CUST1203,2024-07-09,56.0,Male,Karachi,Operations,Headphones,Electronics,4,51845.7,23.34,EasyPaisa,Completed,1.3,12.0,11,207382.8,48403.15,158979.65
ORD10204,CUST1204,2024-07-10,19.0,Male,Gujranwala,Marketing,Laptop,Office,6,185520.74,6.61,Bank Transfer,Completed,1.9,9.0,5,1113124.44,73577.53,1039546.91
ORD10205,CUST1205,2024-07-11,20.0,Male,Faisalabad,IT,Monitor,Accessories,6,136895.98,4.94,Cash,Pending,1.8,4.0,15,821375.88,40575.97,780799.91
ORD10206,CUST1206,2024-07-12,54.0,Female,Lahore,Finance,Printer,Office,3,221177.44,12.19,Bank Transfer,Completed,2.7,7.0,2,663532.32,80884.59,582647.73
ORD10207,CUST1207,2024-07-13,34.0,Female,Islamabad,Finance,Phone,Accessories,6,138721.32,27.8,Card,Cancelled,3.6,8.0,0,832327.92,231387.16,600940.76
ORD10208,CUST1208,2024-07-14,19.0,Male,Burewala,Operations,Mouse,Electronics,4,133872.53,21.31,Cash,Completed,2.1,13.0,8,535490.12,114112.94,421377.18
ORD10209,CUST1209,2024-07-15,,Female,Gujranwala,IT,Mouse,Accessories,1,49266.77,12.57,Bank Transfer,Completed,1.0,6.0,8,49266.77,6192.83,43073.94
ORD10210,CUST1210,2024-07-16,45.0,Female,Rawalpindi,HR,Webcam,Office,3,41974.23,15.52,Card,Returned,3.1,2.0,2,125922.69,19543.2,106379.49
ORD10211,CUST1211,2024-07-17,40.0,Female,Peshawar,HR,Keyboard,Office,6,229164.04,2.53,Card,Completed,3.4,7.0,3,1374984.24,34787.1,1340197.14
ORD10212,CUST1212,2024-07-17,54.0,Female,Burewala,Marketing,Smartwatch,Electronics,6,82295.63,29.54,Cash,Completed,4.9,13.0,12,493773.78,145860.77,347913.01
ORD10213,CUST1213,2024-07-18,49.0,Female,Karachi,Sales,Monitor,Accessories,4,93334.52,19.99,JazzCash,Completed,3.4,9.0,6,373338.08,74630.28,298707.8
ORD10214,CUST1214,2024-07-19,50.0,Male,Peshawar,HR,Keyboard,Accessories,5,190076.0,8.56,EasyPaisa,Completed,2.9,5.0,1,950380.0,81352.53,869027.47
ORD10215,CUST1215,2024-07-20,18.0,Female,Faisalabad,Sales,Smartwatch,Accessories,5,85036.46,17.57,Cash,Completed,3.3,2.0,11,425182.3,74704.53,350477.77
ORD10216,CUST1216,2024-07-21,36.0,Male,Faisalabad,Finance,Keyboard,Electronics,7,238039.58,3.28,Card,Returned,4.7,4.0,2,1666277.06,54653.89,1611623.17
ORD10217,CUST1217,2024-07-22,19.0,Female,Multan,Sales,Printer,Accessories,6,184612.98,28.98,Card,Pending,4.3,3.0,15,1107677.88,321005.05,786672.83
ORD10218,CUST1218,2024-07-23,61.0,Male,Sialkot,Finance,Smartwatch,Office,1,149558.6,5.24,Cash,Completed,2.3,4.0,5,149558.6,7836.87,141721.73
ORD10219,CUST1219,2024-07-24,43.0,Female,Multan,IT,Printer,Accessories,3,220283.34,19.44,JazzCash,Completed,1.9,10.0,10,660850.02,128469.24,532380.78
ORD10220,CUST1220,2024-07-25,49.0,Male,Gujranwala,IT,Phone,Electronics,6,12876.67,7.36,EasyPaisa,Completed,2.1,7.0,7,77260.02,5686.34,71573.68
ORD10221,CUST1221,2024-07-26,23.0,Female,Peshawar,Operations,Headphones,Accessories,2,64637.14,21.53,Bank Transfer,Completed,3.0,10.0,14,129274.28,27832.75,101441.53
ORD10222,CUST1222,2024-07-27,49.0,Male,Sialkot,Operations,Printer,Accessories,3,116526.57,23.3,Cash,Completed,4.0,8.0,0,349579.71,81452.07,268127.64
ORD10223,CUST1223,2024-07-28,21.0,Female,Rawalpindi,Marketing,Mouse,Office,7,57131.15,20.2,EasyPaisa,Pending,3.0,1.0,3,399918.05,80783.45,319134.6
ORD10224,CUST1224,2024-07-29,28.0,Male,Karachi,HR,Keyboard,Accessories,5,186104.34,18.43,EasyPaisa,Completed,,13.0,14,930521.7,171495.15,759026.55
ORD10225,CUST1225,2024-07-30,34.0,Female,Peshawar,Marketing,Webcam,Office,6,229842.4,26.77,Card,Cancelled,3.9,8.0,0,1379054.4,369172.86,1009881.54
ORD10226,CUST1226,2024-07-31,55.0,Male,Multan,Finance,Tablet,Office,4,106230.64,2.36,Bank Transfer,Completed,4.2,5.0,1,424922.56,10028.17,414894.39
ORD10227,CUST1227,2024-08-01,41.0,Male,Lahore,Marketing,Smartwatch,Electronics,2,85862.08,9.93,Cash,Completed,2.2,12.0,15,171724.16,17052.21,154671.95
ORD10228,CUST1228,2024-08-02,22.0,Female,Sialkot,Sales,Monitor,Office,6,240406.91,7.45,Card,Completed,3.7,7.0,7,1442441.46,107461.89,1334979.57
ORD10229,CUST1229,2024-08-02,51.0,Female,Sialkot,Finance,Webcam,Office,7,111490.68,29.64,Card,Completed,2.7,11.0,5,780434.76,231320.86,549113.9
ORD10230,CUST1230,2024-08-03,23.0,Male,Karachi,Operations,Mouse,Electronics,1,122517.58,11.68,JazzCash,Completed,4.6,11.0,8,122517.58,14310.05,108207.53
ORD10231,CUST1231,2024-08-04,39.0,Female,Islamabad,IT,Printer,Office,2,88236.64,21.98,EasyPaisa,Returned,4.4,1.0,1,176473.28,38788.83,137684.45
ORD10232,CUST1232,2024-08-05,28.0,Male,Faisalabad,Operations,Headphones,Electronics,7,227432.34,20.54,Cash,Completed,3.1,2.0,15,1592026.38,327002.22,1265024.16
ORD10233,CUST1233,2024-08-06,65.0,Male,Faisalabad,HR,Phone,Accessories,6,142454.39,6.36,Cash,Returned,3.8,1.0,2,854726.34,54360.6,800365.74
ORD10234,CUST1234,2024-08-07,33.0,Male,Lahore,Finance,Tablet,Electronics,1,190662.56,7.17,Cash,Completed,4.5,5.0,8,190662.56,13670.51,176992.05
ORD10235,CUST1235,2024-08-08,50.0,Female,Gujranwala,Finance,Laptop,Office,2,203045.78,8.44,Card,Returned,3.0,14.0,8,406091.56,34274.13,371817.43
ORD10236,CUST1236,2024-08-09,26.0,Male,Gujranwala,Sales,Webcam,Electronics,1,85791.34,12.33,JazzCash,Completed,2.3,14.0,12,85791.34,10578.07,75213.27
ORD10237,CUST1237,2024-08-10,23.0,Male,Rawalpindi,HR,Headphones,Office,1,108706.74,7.03,Bank Transfer,Returned,4.0,6.0,5,108706.74,7642.08,101064.66
ORD10238,CUST1238,2024-08-11,33.0,Female,Peshawar,IT,Laptop,Accessories,2,212193.71,0.59,Card,Completed,1.9,10.0,13,424387.42,2503.89,421883.53
ORD10239,CUST1239,2024-08-12,46.0,Female,Burewala,Finance,Tablet,Electronics,2,91132.21,26.38,Bank Transfer,Pending,2.6,9.0,14,182264.42,48081.35,134183.07
ORD10240,CUST1240,2024-08-13,20.0,Female,Islamabad,Finance,Monitor,Accessories,1,198586.82,28.97,JazzCash,Cancelled,4.5,8.0,2,198586.82,57530.6,141056.22
ORD10241,CUST1241,2024-08-14,37.0,Female,Multan,Sales,Monitor,Office,7,235277.58,10.25,EasyPaisa,Completed,3.9,7.0,4,1646943.06,168811.66,1478131.4
ORD10242,CUST1242,2024-08-15,53.0,Male,Burewala,Marketing,Keyboard,Office,5,155990.99,10.16,Cash,Completed,2.6,12.0,14,779954.95,79243.42,700711.53
ORD10243,CUST1243,2024-08-16,36.0,Male,Burewala,IT,Tablet,Accessories,2,185536.01,0.21,Bank Transfer,Completed,1.9,5.0,1,371072.02,779.25,370292.77
ORD10244,CUST1244,2024-08-17,43.0,Male,Sialkot,Operations,Tablet,Electronics,6,201371.78,20.41,Card,Returned,2.4,14.0,6,1208230.68,246599.88,961630.8
ORD10245,CUST1245,2024-08-18,20.0,Male,Lahore,HR,Laptop,Electronics,3,211337.39,24.76,Bank Transfer,Completed,2.1,3.0,9,634012.17,156981.41,477030.76
ORD10246,CUST1246,2024-08-19,36.0,Female,Faisalabad,Finance,Headphones,Office,4,99065.81,4.4,EasyPaisa,Completed,1.7,9.0,10,396263.24,17435.58,378827.66
ORD10247,CUST1247,2024-08-19,37.0,Male,Rawalpindi,Finance,Smartwatch,Accessories,1,13290.23,4.79,Cash,Completed,4.0,13.0,7,13290.23,636.6,12653.63
ORD10248,CUST1248,2024-08-20,49.0,Male,Gujranwala,Operations,Laptop,Accessories,1,100768.13,23.7,Bank Transfer,Completed,2.0,5.0,5,100768.13,23882.05,76886.08
ORD10249,CUST1249,2024-08-21,24.0,Female,Lahore,IT,Phone,Electronics,4,168602.18,18.49,EasyPaisa,Pending,2.8,3.0,7,674408.72,124698.17,549710.55
ORD10250,CUST1250,2024-08-22,58.0,Male,Sialkot,Marketing,Monitor,Electronics,5,112862.42,1.35,Card,Completed,2.5,3.0,1,564312.1,7618.21,556693.89
ORD10251,CUST1251,2024-08-23,50.0,Male,Multan,Finance,Monitor,Electronics,4,187366.31,18.68,JazzCash,Completed,4.9,3.0,2,749465.24,140000.11,609465.13
ORD10252,CUST1252,2024-08-24,57.0,Male,Rawalpindi,IT,Keyboard,Accessories,2,89567.12,9.27,Card,Cancelled,2.6,14.0,15,179134.24,16605.74,162528.5
ORD10253,CUST1253,2024-08-25,56.0,Male,Sialkot,Operations,Phone,Electronics,4,158868.66,11.06,Cash,Completed,1.3,6.0,6,635474.64,70283.5,565191.14
ORD10254,CUST1254,2024-08-26,35.0,Male,Faisalabad,Sales,Monitor,Electronics,1,47011.74,23.09,Card,Completed,1.4,1.0,9,47011.74,10855.01,36156.73
ORD10255,CUST1255,2024-08-27,57.0,Male,Faisalabad,Marketing,Laptop,Office,4,187467.67,24.33,Card,Completed,3.4,11.0,11,749870.68,182443.54,567427.14
ORD10256,CUST1256,2024-08-28,18.0,Female,Faisalabad,HR,Phone,Electronics,3,136651.14,12.01,Card,Completed,3.4,4.0,0,409953.42,49235.41,360718.01
ORD10257,CUST1257,2024-08-29,28.0,Female,Lahore,Finance,Laptop,Electronics,6,51414.06,28.41,Card,Completed,2.7,13.0,6,308484.36,87640.41,220843.95
ORD10258,CUST1258,2024-08-30,45.0,Male,Lahore,IT,Smartwatch,Accessories,2,73331.84,12.19,Cash,Pending,2.7,8.0,5,146663.68,17878.3,128785.38
ORD10259,CUST1259,2024-08-31,42.0,Male,Gujranwala,Sales,Smartwatch,Accessories,4,187277.87,23.16,EasyPaisa,Completed,1.2,3.0,7,749111.48,173494.22,575617.26
ORD10260,CUST1260,2024-09-01,40.0,Female,Gujranwala,HR,Monitor,Office,1,120909.01,14.52,Bank Transfer,Completed,3.1,5.0,6,120909.01,17555.99,103353.02
ORD10261,CUST1261,2024-09-02,48.0,Male,Multan,IT,Monitor,Electronics,7,54399.84,26.93,JazzCash,Completed,3.0,2.0,3,380798.88,102549.14,278249.74
ORD10262,CUST1262,2024-09-03,47.0,Male,Rawalpindi,IT,Headphones,Office,6,241834.16,27.23,Bank Transfer,Completed,1.6,2.0,2,1451004.96,395108.65,1055896.31
ORD10263,CUST1263,2024-09-04,59.0,Male,Karachi,HR,Smartwatch,Accessories,2,178923.69,2.62,Bank Transfer,Pending,1.4,11.0,2,357847.38,9375.6,348471.78
ORD10264,CUST1264,2024-09-04,52.0,Female,Karachi,Sales,Webcam,Office,1,239305.14,28.09,JazzCash,Completed,1.5,13.0,14,239305.14,67220.81,172084.33
ORD10265,CUST1265,2024-09-05,24.0,Male,Sialkot,Operations,Webcam,Accessories,5,107062.71,24.77,Cash,Completed,1.4,7.0,3,535313.55,132597.17,402716.38
ORD10266,CUST1266,2024-09-06,33.0,Female,Faisalabad,Sales,Keyboard,Office,3,119037.54,23.74,JazzCash,Completed,3.4,10.0,15,357112.62,84778.54,272334.08
ORD10267,CUST1267,2024-09-07,43.0,Male,Rawalpindi,Marketing,Smartwatch,Office,5,224539.83,6.03,Cash,Completed,1.8,3.0,14,1122699.15,67698.76,1055000.39
ORD10268,CUST1268,2024-09-08,65.0,Female,Burewala,Finance,Laptop,Electronics,3,131499.81,24.15,Bank Transfer,Completed,2.0,5.0,8,394499.43,95271.61,299227.82
ORD10269,CUST1269,2024-09-09,19.0,Female,Lahore,HR,Laptop,Office,4,176966.09,25.5,Cash,Completed,1.7,3.0,8,707864.36,180505.41,527358.95
ORD10270,CUST1270,2024-09-10,18.0,Male,Peshawar,Operations,Mouse,Electronics,2,63417.13,8.67,EasyPaisa,Completed,4.8,6.0,12,126834.26,10996.53,115837.73
ORD10271,CUST1271,2024-09-11,65.0,Female,Islamabad,HR,Phone,Electronics,4,111958.25,28.57,JazzCash,Pending,4.4,13.0,1,447833.0,127945.89,319887.11
ORD10272,CUST1272,2024-09-12,29.0,Male,Multan,HR,Printer,Electronics,3,31300.74,1.5,EasyPaisa,Completed,1.9,10.0,4,93902.22,1408.53,92493.69
ORD10273,CUST1273,2024-09-13,22.0,Female,Faisalabad,Sales,Webcam,Electronics,3,51892.02,4.5,Bank Transfer,Cancelled,2.3,3.0,15,155676.06,7005.42,148670.64
ORD10274,CUST1274,2024-09-14,54.0,Male,Faisalabad,Finance,Monitor,Office,3,735.38,16.13,JazzCash,Cancelled,1.8,8.0,0,2206.14,355.85,1850.29
ORD10275,CUST1275,2024-09-15,49.0,Male,Faisalabad,Marketing,Keyboard,Accessories,6,10296.63,,Bank Transfer,Completed,3.0,2.0,3,61779.78,10669.37,51110.41
ORD10276,CUST1276,2024-09-16,26.0,Female,Lahore,IT,Printer,Accessories,1,244332.31,19.35,EasyPaisa,Completed,1.1,3.0,1,244332.31,47278.3,197054.01
ORD10277,CUST1277,2024-09-17,58.0,Male,Lahore,IT,Tablet,Accessories,2,60967.25,0.51,Bank Transfer,Completed,3.7,8.0,7,121934.5,621.87,121312.63
ORD10278,CUST1278,2024-09-18,52.0,Male,Islamabad,HR,Keyboard,Office,4,165996.02,28.81,JazzCash,Completed,3.1,8.0,3,663984.08,191293.81,472690.27
ORD10279,CUST1279,2024-09-19,36.0,Female,Burewala,Finance,Tablet,Electronics,4,209855.37,1.34,JazzCash,Completed,4.6,1.0,15,839421.48,11248.25,828173.23
ORD10280,CUST1280,2024-09-20,65.0,Male,Rawalpindi,Operations,Smartwatch,Accessories,5,137889.78,4.29,Bank Transfer,Completed,1.7,8.0,4,689448.9,29577.36,659871.54
ORD10281,CUST1281,2024-09-21,33.0,Male,Faisalabad,Sales,Tablet,Office,3,38709.55,0.42,JazzCash,Completed,4.2,10.0,10,116128.65,487.74,115640.91
ORD10282,CUST1282,2024-09-21,20.0,Female,Karachi,Finance,Tablet,Electronics,7,182165.05,17.01,JazzCash,Completed,4.2,2.0,3,1275155.35,216903.93,1058251.42
ORD10283,CUST1283,2024-09-22,37.0,Female,Gujranwala,Finance,Headphones,Accessories,3,150262.73,27.97,Bank Transfer,Completed,1.5,12.0,4,450788.19,126085.46,324702.73
ORD10284,CUST1284,2024-09-23,41.0,Male,Karachi,Sales,Headphones,Electronics,3,182947.02,19.98,EasyPaisa,Completed,2.6,7.0,4,548841.06,109658.44,439182.62
ORD10285,CUST1285,2024-09-24,50.0,Male,Sialkot,HR,Headphones,Accessories,7,192551.78,24.68,JazzCash,Completed,1.7,6.0,4,1347862.46,332652.46,1015210.0
ORD10286,CUST1286,2024-09-25,41.0,Female,Karachi,Finance,Smartwatch,Accessories,4,243864.89,0.4,JazzCash,Completed,2.0,2.0,10,975459.56,3901.84,971557.72
ORD10287,CUST1287,2024-09-26,28.0,Female,Sialkot,IT,Printer,Accessories,5,143604.04,16.26,JazzCash,Completed,2.1,5.0,2,718020.2,116750.08,601270.12
ORD10288,CUST1288,2024-09-27,25.0,Male,Peshawar,Sales,Keyboard,Electronics,1,85739.46,13.79,JazzCash,Completed,3.2,7.0,6,85739.46,11823.47,73915.99
ORD10289,CUST1289,2024-09-28,53.0,Female,Gujranwala,Operations,Keyboard,Office,7,162291.91,14.97,Bank Transfer,Completed,2.6,8.0,2,1136043.37,170065.69,965977.68
ORD10290,CUST1290,2024-09-29,55.0,Male,Karachi,Marketing,Monitor,Electronics,6,17575.96,2.17,EasyPaisa,Completed,4.8,3.0,1,105455.76,2288.39,103167.37
ORD10291,CUST1291,2024-09-30,57.0,Male,Peshawar,HR,Headphones,Accessories,2,224400.63,20.53,EasyPaisa,Completed,1.5,1.0,2,448801.26,92138.9,356662.36
ORD10292,CUST1292,2024-10-01,37.0,Male,Multan,Sales,Smartwatch,Electronics,7,30285.56,15.1,Cash,Completed,4.9,13.0,10,211998.92,32011.84,179987.08
ORD10293,CUST1293,2024-10-02,52.0,Male,Rawalpindi,Marketing,Monitor,Office,1,82296.79,22.95,JazzCash,Pending,1.9,7.0,2,82296.79,18887.11,63409.68
ORD10294,CUST1294,2024-10-03,65.0,Male,Peshawar,Marketing,Phone,Electronics,4,204028.47,14.56,JazzCash,Cancelled,4.1,13.0,7,816113.88,118826.18,697287.7
ORD10295,CUST1295,2024-10-04,42.0,Female,Rawalpindi,Operations,Monitor,Office,6,149529.44,4.48,Cash,Completed,2.4,5.0,3,897176.64,40193.51,856983.13
ORD10296,CUST1296,2024-10-05,52.0,Female,Karachi,Finance,Printer,Office,6,98712.06,19.45,EasyPaisa,Completed,1.6,5.0,2,592272.36,115196.97,477075.39
ORD10297,CUST1297,2024-10-06,42.0,Female,Burewala,Operations,Webcam,Electronics,6,118622.2,5.17,Card,Completed,4.4,7.0,9,711733.2,36796.61,674936.59
ORD10298,CUST1298,2024-10-07,46.0,Female,Peshawar,Finance,Tablet,Accessories,3,213709.57,26.17,Card,Cancelled,2.2,1.0,15,641128.71,167783.38,473345.33
ORD10299,CUST1299,2024-10-07,35.0,Male,Gujranwala,Finance,Headphones,Office,2,85331.09,18.39,EasyPaisa,Completed,3.6,8.0,4,170662.18,31384.77,139277.41
ORD10300,CUST1300,2024-10-08,63.0,Male,Karachi,Sales,Webcam,Electronics,4,217477.6,4.72,JazzCash,Returned,3.3,12.0,3,869910.4,41059.77,828850.63
ORD10301,CUST1301,2024-10-09,35.0,Male,Faisalabad,Sales,Monitor,Office,4,22489.54,28.87,Card,Completed,2.9,14.0,8,89958.16,25970.92,63987.24
ORD10302,CUST1302,2024-10-10,19.0,Male,Lahore,HR,Smartwatch,Accessories,6,194311.21,15.55,Bank Transfer,Completed,3.0,10.0,7,1165867.26,181292.36,984574.9
ORD10303,CUST1303,2024-10-11,52.0,Female,Peshawar,Finance,Tablet,Electronics,4,211963.13,2.19,Bank Transfer,Returned,3.9,5.0,10,847852.52,18567.97,829284.55
ORD10304,CUST1304,2024-10-12,33.0,Male,Gujranwala,Marketing,Keyboard,Electronics,2,45863.5,18.8,Cash,Completed,1.4,8.0,15,91727.0,17244.68,74482.32
ORD10305,CUST1305,2024-10-13,58.0,Male,Multan,IT,Laptop,Electronics,2,107871.46,7.6,EasyPaisa,Completed,3.7,10.0,6,215742.92,16396.46,199346.46
ORD10306,CUST1306,2024-10-14,53.0,Female,Faisalabad,HR,Tablet,Accessories,5,41792.19,,EasyPaisa,Completed,4.6,10.0,14,208960.95,50380.49,158580.46
ORD10307,CUST1307,2024-10-15,50.0,Female,Multan,Sales,Printer,Office,7,176797.73,24.53,Card,Completed,1.2,5.0,7,1237584.11,303579.38,934004.73
ORD10308,CUST1308,2024-10-16,21.0,Female,Karachi,Operations,Printer,Electronics,7,134069.27,29.37,JazzCash,Completed,1.6,12.0,12,938484.89,275633.01,662851.88
ORD10309,CUST1309,2024-10-17,50.0,Female,Lahore,HR,Monitor,Office,5,159013.18,15.06,EasyPaisa,Completed,3.9,7.0,4,795065.9,119736.92,675328.98
ORD10310,CUST1310,2024-10-18,31.0,Male,Peshawar,HR,Phone,Office,1,49523.5,13.65,Card,Pending,2.7,10.0,3,49523.5,6759.96,42763.54
ORD10311,CUST1311,2024-10-19,38.0,Male,Peshawar,HR,Printer,Accessories,7,53330.59,22.6,Card,Completed,2.6,3.0,6,373314.13,84368.99,288945.14
ORD10312,CUST1312,2024-10-20,65.0,Female,Burewala,HR,Printer,Electronics,2,10853.58,3.97,EasyPaisa,Returned,1.5,2.0,0,21707.16,861.77,20845.39
ORD10313,CUST1313,2024-10-21,37.0,Male,Burewala,IT,Smartwatch,Office,2,80855.85,16.41,Card,Completed,3.0,6.0,5,161711.7,26536.89,135174.81
ORD10314,CUST1314,2024-10-22,25.0,Male,Karachi,Operations,Monitor,Electronics,7,140156.29,16.39,Cash,Completed,1.5,5.0,14,981094.03,160801.31,820292.72
ORD10315,CUST1315,2024-10-23,24.0,Male,Karachi,Operations,Tablet,Electronics,2,214554.76,2.68,Cash,Completed,2.9,9.0,7,429109.52,11500.14,417609.38
ORD10316,CUST1316,2024-10-24,20.0,Female,Lahore,Operations,Phone,Accessories,5,166898.4,12.54,EasyPaisa,Completed,4.1,10.0,6,834492.0,104645.3,729846.7
ORD10317,CUST1317,2024-10-24,34.0,Male,Burewala,Finance,Webcam,Electronics,6,109131.38,25.6,JazzCash,Completed,2.0,4.0,1,654788.28,167625.8,487162.48
ORD10318,CUST1318,2024-10-25,50.0,Female,Gujranwala,Marketing,Laptop,Electronics,6,238303.47,25.68,Cash,Returned,2.9,11.0,13,1429820.82,367177.99,1062642.83
ORD10319,CUST1319,2024-10-26,65.0,Male,Gujranwala,Operations,Headphones,Office,4,179951.68,2.98,Cash,Completed,5.0,3.0,12,719806.72,21450.24,698356.48
ORD10320,CUST1320,2024-10-27,29.0,Male,Lahore,HR,Keyboard,Accessories,6,232576.22,2.72,EasyPaisa,Completed,3.7,9.0,13,1395457.32,37956.44,1357500.88
ORD10321,CUST1321,2024-10-28,39.0,Male,Gujranwala,HR,Printer,Electronics,3,132133.2,7.88,Bank Transfer,Completed,4.4,8.0,6,396399.6,31236.29,365163.31
ORD10322,CUST1322,2024-10-29,39.0,Female,Sialkot,Operations,Monitor,Office,5,65096.62,26.24,Card,Completed,2.7,6.0,12,325483.1,85406.77,240076.33
ORD10323,CUST1323,2024-10-30,63.0,Male,Rawalpindi,Operations,Headphones,Accessories,2,13680.26,3.87,Cash,Cancelled,4.1,1.0,5,27360.52,1058.85,26301.67
ORD10324,CUST1324,2024-10-31,,Female,Lahore,HR,Keyboard,Accessories,7,181658.17,21.6,Bank Transfer,Completed,1.2,14.0,12,1271607.19,274667.15,996940.04
ORD10325,CUST1325,2024-11-01,55.0,Female,Lahore,Finance,Keyboard,Office,6,30765.1,3.03,JazzCash,Completed,1.5,10.0,4,184590.6,5593.1,178997.5
ORD10326,CUST1326,2024-11-02,55.0,Female,Islamabad,Sales,Webcam,Office,5,76042.39,18.69,Bank Transfer,Completed,1.8,13.0,3,380211.95,71061.61,309150.34
ORD10327,CUST1327,2024-11-03,62.0,Male,Faisalabad,Sales,Webcam,Office,6,133351.49,10.68,EasyPaisa,Completed,2.6,12.0,0,800108.94,85451.63,714657.31
ORD10328,CUST1328,2024-11-04,25.0,Male,Faisalabad,Operations,Webcam,Office,1,141321.94,23.67,JazzCash,Completed,4.4,11.0,12,141321.94,33450.9,107871.04
ORD10329,CUST1329,2024-11-05,44.0,Male,Sialkot,IT,Mouse,Office,2,150345.51,7.01,JazzCash,Completed,2.4,1.0,1,300691.02,21078.44,279612.58
ORD10330,CUST1330,2024-11-06,44.0,Male,Burewala,Operations,Mouse,Electronics,1,41980.7,19.18,Bank Transfer,Completed,3.6,12.0,14,41980.7,8051.9,33928.8
ORD10331,CUST1331,2024-11-07,51.0,Female,Karachi,Operations,Keyboard,Electronics,2,95244.48,7.07,EasyPaisa,Completed,3.8,6.0,6,190488.96,13467.57,177021.39
ORD10332,CUST1332,2024-11-08,38.0,Female,Karachi,Sales,Webcam,Accessories,5,154489.96,21.41,Cash,Completed,3.3,13.0,9,772449.8,165381.5,607068.3
ORD10333,CUST1333,2024-11-09,47.0,Female,Multan,HR,Smartwatch,Electronics,4,242469.81,26.21,Bank Transfer,Returned,2.4,3.0,2,969879.24,254205.35,715673.89
ORD10334,CUST1334,2024-11-10,50.0,Male,Sialkot,Operations,Printer,Electronics,6,182043.97,3.8,Cash,Cancelled,3.3,3.0,4,1092263.82,41506.03,1050757.79
ORD10335,CUST1335,2024-11-10,45.0,Female,Lahore,HR,Headphones,Electronics,6,230689.64,26.0,Bank Transfer,Completed,2.4,6.0,7,1384137.84,359875.84,1024262.0
ORD10336,CUST1336,2024-11-11,64.0,Male,Sialkot,HR,Headphones,Office,3,190671.91,17.81,Cash,Completed,1.3,13.0,12,572015.73,101876.0,470139.73
ORD10337,CUST1337,2024-11-12,50.0,Female,Sialkot,IT,Mouse,Accessories,7,148133.38,3.81,Bank Transfer,Completed,5.0,3.0,12,1036933.66,39507.17,997426.49
ORD10338,CUST1338,2024-11-13,22.0,Male,Sialkot,HR,Keyboard,Accessories,1,48409.83,12.83,JazzCash,Completed,1.5,13.0,7,48409.83,6210.98,42198.85
ORD10339,CUST1339,2024-11-14,65.0,Male,Faisalabad,Sales,Monitor,Accessories,6,166838.07,4.83,Card,Pending,1.3,11.0,5,1001028.42,48349.67,952678.75
ORD10340,CUST1340,2024-11-15,36.0,Female,Sialkot,Finance,Tablet,Accessories,5,156033.2,21.01,JazzCash,Completed,4.5,10.0,4,780166.0,163912.88,616253.12
ORD10341,CUST1341,2024-11-16,21.0,Female,Rawalpindi,Finance,Tablet,Electronics,4,150816.06,22.77,Cash,Cancelled,2.2,,12,603264.24,137363.27,465900.97
ORD10342,CUST1342,2024-11-17,52.0,Female,Karachi,Marketing,Mouse,Electronics,7,122701.57,3.17,EasyPaisa,Returned,3.6,5.0,1,858910.99,27227.48,831683.51
ORD10343,CUST1343,2024-11-18,34.0,Female,Multan,Operations,Monitor,Office,5,132399.82,15.18,JazzCash,Completed,2.3,4.0,8,661999.1,100491.46,561507.64
ORD10344,CUST1344,2024-11-19,61.0,Male,Rawalpindi,Sales,Mouse,Accessories,1,83943.41,24.44,Card,Completed,2.6,8.0,0,83943.41,20515.77,63427.64
ORD10345,CUST1345,2024-11-20,45.0,Female,Multan,HR,Tablet,Electronics,3,130068.52,28.08,Cash,Completed,2.0,,10,390205.56,109569.72,280635.84
ORD10346,CUST1346,2024-11-21,47.0,Female,Islamabad,Finance,Monitor,Electronics,6,49790.2,15.41,JazzCash,Completed,2.4,12.0,1,298741.2,46036.02,252705.18
ORD10347,CUST1347,2024-11-22,46.0,Female,Multan,Sales,Webcam,Office,5,201391.01,28.51,Bank Transfer,Completed,,14.0,12,1006955.05,287082.88,719872.17
ORD10348,CUST1348,2024-11-23,63.0,Male,Karachi,Finance,Keyboard,Office,7,46851.35,16.07,EasyPaisa,Completed,3.9,11.0,0,327959.45,52703.08,275256.37
ORD10349,CUST1349,2024-11-24,23.0,Male,Karachi,HR,Headphones,Office,2,21699.09,11.83,Cash,Cancelled,3.0,7.0,11,43398.18,5134.0,38264.18
ORD10350,CUST1350,2024-11-25,52.0,Female,Sialkot,Finance,Smartwatch,Electronics,4,109343.38,25.45,JazzCash,Completed,4.8,4.0,3,437373.52,111311.56,326061.96
ORD10351,CUST1001,2024-11-26,58.0,Male,Peshawar,Operations,Phone,Electronics,7,164747.71,14.79,Cash,Completed,1.2,2.0,3,1153233.97,170563.3,982670.67
ORD10352,CUST1002,2024-11-26,54.0,Female,Islamabad,Operations,Keyboard,Office,5,109710.35,14.16,Bank Transfer,Completed,3.0,7.0,4,548551.75,77674.93,470876.82
ORD10353,CUST1003,2024-11-27,41.0,Male,Lahore,Marketing,Webcam,Accessories,4,69550.16,14.71,Card,Completed,3.3,13.0,4,278200.64,40923.31,237277.33
ORD10354,CUST1004,2024-11-28,46.0,Male,Gujranwala,Marketing,Tablet,Office,6,139763.71,25.4,JazzCash,Completed,4.7,1.0,7,838582.26,212999.89,625582.37
ORD10355,CUST1005,2024-11-29,63.0,Male,Multan,Finance,Webcam,Office,2,87077.08,,Cash,Cancelled,1.2,4.0,10,174154.16,43468.88,130685.28
ORD10356,CUST1006,2024-11-30,48.0,Male,Peshawar,Sales,Mouse,Office,3,233250.49,12.11,Cash,Completed,3.3,,14,699751.47,84739.9,615011.57
ORD10357,CUST1007,2024-12-01,52.0,Female,Sialkot,Operations,Monitor,Office,7,230699.96,10.0,Cash,Completed,4.4,14.0,10,1614899.72,161489.97,1453409.75
ORD10358,CUST1008,2024-12-02,50.0,Female,Faisalabad,Sales,Headphones,Electronics,3,125841.77,14.76,Card,Completed,2.0,4.0,2,377525.31,55722.74,321802.57
ORD10359,CUST1009,2024-12-03,38.0,Female,Lahore,Sales,Printer,Accessories,2,82307.06,17.18,Cash,Completed,4.5,12.0,5,164614.12,28280.71,136333.41
ORD10360,CUST1010,2024-12-04,49.0,Male,Burewala,Finance,Mouse,Office,4,184414.54,7.15,EasyPaisa,Pending,1.1,13.0,11,737658.16,52742.56,684915.6
ORD10361,CUST1011,2024-12-05,40.0,Female,Peshawar,Sales,Keyboard,Accessories,6,9659.88,23.82,EasyPaisa,Completed,3.9,3.0,12,57959.28,13805.9,44153.38
ORD10362,CUST1012,2024-12-06,50.0,Female,Faisalabad,Operations,Mouse,Accessories,5,118954.87,14.59,Cash,Pending,4.7,10.0,11,594774.35,86777.58,507996.77
ORD10363,CUST1013,2024-12-07,20.0,Female,Islamabad,HR,Keyboard,Accessories,2,84412.69,10.02,EasyPaisa,Completed,3.6,10.0,2,168825.38,16916.3,151909.08
ORD10364,CUST1014,2024-12-08,35.0,Male,Sialkot,Marketing,Printer,Office,1,230173.7,3.2,JazzCash,Completed,2.8,2.0,12,230173.7,7365.56,222808.14
ORD10365,CUST1015,2024-12-09,42.0,Male,Lahore,HR,Laptop,Electronics,4,3494.76,7.17,EasyPaisa,Completed,1.2,14.0,1,13979.04,1002.3,12976.74
ORD10366,CUST1016,2024-12-10,59.0,Male,Lahore,Sales,Headphones,Office,3,138427.31,28.48,Cash,Completed,4.7,3.0,7,415281.93,118272.29,297009.64
ORD10367,CUST1017,2024-12-11,48.0,Female,Lahore,HR,Smartwatch,Accessories,7,185295.56,9.15,Bank Transfer,Completed,2.9,1.0,0,1297068.92,118681.81,1178387.11
ORD10368,CUST1018,2024-12-12,20.0,Female,Islamabad,Operations,Smartwatch,Accessories,2,121511.99,5.07,JazzCash,Pending,1.1,10.0,8,243023.98,12321.32,230702.66
ORD10369,CUST1019,2024-12-13,57.0,Female,Multan,Operations,Phone,Electronics,3,21808.06,13.82,Card,Completed,3.8,8.0,10,65424.18,9041.62,56382.56
ORD10370,CUST1020,2024-12-13,63.0,Male,Burewala,Sales,Webcam,Office,4,243129.12,9.21,Cash,Completed,2.9,1.0,6,972516.48,89568.77,882947.71
ORD10371,CUST1021,2024-12-14,41.0,Male,Islamabad,Finance,Laptop,Accessories,3,129743.6,1.05,Card,Completed,1.5,3.0,11,389230.8,4086.92,385143.88
ORD10372,CUST1022,2024-12-15,49.0,Female,Gujranwala,HR,Smartwatch,Electronics,2,153739.47,9.69,Bank Transfer,Completed,1.9,14.0,9,307478.94,29794.71,277684.23
ORD10373,CUST1023,2024-12-16,64.0,Male,Burewala,Finance,Mouse,Accessories,4,59534.14,16.32,Card,Completed,1.3,3.0,12,238136.56,38863.89,199272.67
ORD10374,CUST1024,2024-12-17,39.0,Male,Karachi,Finance,Webcam,Electronics,1,121132.77,,Cash,Completed,3.3,13.0,14,121132.77,20047.47,101085.3
ORD10375,CUST1025,2024-12-18,40.0,Male,Sialkot,IT,Laptop,Electronics,2,107572.8,10.7,Cash,Completed,3.5,2.0,11,215145.6,23020.58,192125.02
ORD10376,CUST1026,2024-12-19,19.0,Male,Islamabad,Sales,Monitor,Office,5,19186.51,13.42,Bank Transfer,Completed,3.0,14.0,10,95932.55,12874.15,83058.4
ORD10377,CUST1027,2024-12-20,44.0,Female,Faisalabad,Marketing,Monitor,Accessories,6,26987.01,28.97,Cash,Completed,4.3,5.0,3,161922.06,46908.82,115013.24
ORD10378,CUST1028,2024-12-21,59.0,Male,Burewala,Operations,Webcam,Office,2,209449.39,11.32,Bank Transfer,Completed,4.4,10.0,2,418898.78,47419.34,371479.44
ORD10379,CUST1029,2024-12-22,19.0,Male,Gujranwala,Operations,Keyboard,Accessories,4,60335.08,7.75,Bank Transfer,Completed,3.5,3.0,5,241340.32,18703.87,222636.45
ORD10380,CUST1030,2024-12-23,43.0,Male,Karachi,Sales,Keyboard,Office,7,49142.09,7.3,Cash,Completed,1.1,3.0,8,343994.63,25111.61,318883.02
ORD10381,CUST1031,2024-12-24,34.0,Male,Multan,Marketing,Mouse,Accessories,6,126475.41,13.73,EasyPaisa,Returned,3.8,8.0,14,758852.46,104190.44,654662.02
ORD10382,CUST1032,2024-12-25,57.0,Female,Faisalabad,Operations,Laptop,Office,2,192302.41,22.79,Bank Transfer,Completed,2.7,4.0,8,384604.82,87651.44,296953.38
ORD10383,CUST1033,2024-12-26,50.0,Female,Burewala,Sales,Laptop,Electronics,1,15955.66,6.18,Cash,Completed,3.3,4.0,3,15955.66,986.06,14969.6
ORD10384,CUST1034,2024-12-27,26.0,Male,Sialkot,Operations,Webcam,Accessories,7,144413.58,21.28,EasyPaisa,Completed,3.6,3.0,9,1010895.06,215118.47,795776.59
ORD10385,CUST1035,2024-12-28,60.0,Male,Faisalabad,Finance,Tablet,Accessories,1,30243.01,0.63,Bank Transfer,Completed,2.4,11.0,4,30243.01,190.53,30052.48
ORD10386,CUST1036,2024-12-29,65.0,Male,Karachi,HR,Monitor,Electronics,5,9597.03,12.57,EasyPaisa,Pending,4.7,1.0,10,47985.15,6031.73,41953.42
ORD10387,CUST1037,2024-12-29,56.0,Male,Faisalabad,HR,Laptop,Office,7,13659.62,23.28,JazzCash,Completed,1.5,8.0,12,95617.34,22259.72,73357.62
ORD10388,CUST1038,2024-12-30,46.0,Male,Rawalpindi,Operations,Webcam,Accessories,3,208623.94,10.16,JazzCash,Returned,3.7,1.0,8,625871.82,63588.58,562283.24
ORD10389,CUST1039,2024-12-31,59.0,Male,Peshawar,IT,Printer,Accessories,7,29934.13,16.91,EasyPaisa,Cancelled,1.0,7.0,15,209538.91,35433.03,174105.88
ORD10390,CUST1040,2025-01-01,43.0,Female,Multan,Marketing,Phone,Office,6,11765.27,6.15,Bank Transfer,Completed,4.7,5.0,1,70591.62,4341.38,66250.24
ORD10391,CUST1041,2025-01-02,52.0,Male,Karachi,Marketing,Printer,Electronics,7,109756.02,22.26,Cash,Completed,1.5,4.0,1,768292.14,171021.83,597270.31
ORD10392,CUST1042,2025-01-03,42.0,Female,Faisalabad,Marketing,Headphones,Office,4,211076.37,1.57,Card,Completed,1.4,4.0,4,844305.48,13255.6,831049.88
ORD10393,CUST1043,2025-01-04,41.0,Female,Peshawar,Finance,Mouse,Office,4,65970.89,25.58,Cash,Completed,2.3,,0,263883.56,67501.41,196382.15
ORD10394,CUST1044,2025-01-05,30.0,Male,Peshawar,Marketing,Laptop,Office,3,105717.3,5.95,Card,Completed,2.5,11.0,7,317151.9,18870.54,298281.36
ORD10395,CUST1045,2025-01-06,24.0,Female,Faisalabad,HR,Headphones,Accessories,7,10460.67,26.23,Card,Completed,1.9,11.0,4,73224.69,19206.84,54017.85
ORD10396,CUST1046,2025-01-07,53.0,Female,Sialkot,Finance,Smartwatch,Electronics,1,112545.09,10.58,Bank Transfer,Completed,3.3,13.0,11,112545.09,11907.27,100637.82
ORD10397,CUST1047,2025-01-08,62.0,Female,Rawalpindi,Sales,Headphones,Electronics,1,144614.46,21.68,EasyPaisa,Completed,,14.0,9,144614.46,31352.41,113262.05
ORD10398,CUST1048,2025-01-09,37.0,Female,Islamabad,Marketing,Webcam,Office,2,142941.31,9.58,Cash,Completed,1.1,6.0,1,285882.62,27387.55,258495.07
ORD10399,CUST1049,2025-01-10,18.0,Female,Rawalpindi,Marketing,Laptop,Accessories,5,83440.46,27.18,EasyPaisa,Cancelled,2.3,14.0,11,417202.3,113395.59,303806.71
ORD10400,CUST1050,2025-01-11,25.0,Female,Faisalabad,Sales,Phone,Office,6,79225.53,3.8,JazzCash,Completed,4.2,12.0,8,475353.18,18063.42,457289.76
ORD10401,CUST1051,2025-01-12,63.0,Male,Multan,Marketing,Webcam,Accessories,5,27102.59,5.36,Bank Transfer,Pending,3.8,1.0,1,135512.95,7263.49,128249.46
ORD10402,CUST1052,2025-01-13,33.0,Female,Islamabad,Sales,Webcam,Accessories,7,92016.18,14.79,Bank Transfer,Completed,3.9,14.0,6,644113.26,95264.35,548848.91
ORD10403,CUST1053,2025-01-14,31.0,Female,Karachi,Finance,Mouse,Accessories,5,25323.92,2.46,JazzCash,Completed,3.8,10.0,7,126619.6,3114.84,123504.76
ORD10404,CUST1054,2025-01-15,29.0,Female,Rawalpindi,HR,Mouse,Accessories,2,191765.69,5.88,Cash,Completed,2.2,8.0,13,383531.38,22551.65,360979.73
ORD10405,CUST1055,2025-01-15,40.0,Male,Faisalabad,Sales,Monitor,Electronics,5,241585.44,28.31,JazzCash,Completed,1.4,13.0,5,1207927.2,341964.19,865963.01
ORD10406,CUST1056,2025-01-16,32.0,Female,Rawalpindi,IT,Monitor,Accessories,3,242533.58,29.29,Cash,Completed,2.1,14.0,13,727600.74,213114.26,514486.48
ORD10407,CUST1057,2025-01-17,45.0,Male,Islamabad,Sales,Keyboard,Accessories,2,216335.24,11.29,Card,Completed,4.3,2.0,10,432670.48,48848.5,383821.98
ORD10408,CUST1058,2025-01-18,,Female,Gujranwala,Marketing,Tablet,Office,3,150397.64,,Bank Transfer,Pending,4.9,6.0,6,451192.92,124980.44,326212.48
ORD10409,CUST1059,2025-01-19,19.0,Male,Burewala,Finance,Laptop,Office,7,175365.99,16.34,Cash,Completed,3.0,9.0,10,1227561.93,200583.62,1026978.31
ORD10410,CUST1060,2025-01-20,49.0,Male,Rawalpindi,Operations,Laptop,Electronics,2,71658.85,8.09,EasyPaisa,Completed,1.0,1.0,0,143317.7,11594.4,131723.3
ORD10411,CUST1061,2025-01-21,40.0,Female,Karachi,Finance,Headphones,Office,7,157877.22,21.07,EasyPaisa,Cancelled,1.6,6.0,3,1105140.54,232853.11,872287.43
ORD10412,CUST1062,2025-01-22,39.0,Female,Karachi,Operations,Laptop,Accessories,7,114184.56,19.77,Bank Transfer,Completed,2.3,8.0,12,799291.92,158020.01,641271.91
ORD10413,CUST1063,2025-01-23,42.0,Male,Lahore,Sales,Laptop,Office,5,120763.33,29.67,JazzCash,Completed,3.3,10.0,6,603816.65,179152.4,424664.25
ORD10414,CUST1064,2025-01-24,39.0,Female,Rawalpindi,HR,Tablet,Electronics,3,189565.25,7.95,JazzCash,Completed,1.3,13.0,15,568695.75,45211.31,523484.44
ORD10415,CUST1065,2025-01-25,39.0,Male,Burewala,IT,Smartwatch,Office,7,70838.63,20.16,Cash,Cancelled,4.8,2.0,0,495870.41,99967.47,395902.94
ORD10416,CUST1066,2025-01-26,59.0,Male,Sialkot,Finance,Monitor,Office,3,79850.88,1.56,JazzCash,Completed,2.5,5.0,12,239552.64,3737.02,235815.62
ORD10417,CUST1067,2025-01-27,23.0,Male,Peshawar,Marketing,Monitor,Electronics,3,231198.13,,Bank Transfer,Completed,,6.0,0,693594.39,23651.57,669942.82
ORD10418,CUST1068,2025-01-28,32.0,Male,Burewala,Operations,Phone,Electronics,2,14527.96,0.12,Cash,Completed,4.1,5.0,10,29055.92,34.87,29021.05
ORD10419,CUST1069,2025-01-29,60.0,Male,Peshawar,Marketing,Laptop,Accessories,4,121665.76,29.98,Card,Pending,4.0,3.0,5,486663.04,145901.58,340761.46
ORD10420,CUST1070,2025-01-30,54.0,Female,Peshawar,HR,Tablet,Office,5,228243.8,24.07,JazzCash,Completed,3.4,4.0,3,1141219.0,274691.41,866527.59
ORD10421,CUST1071,2025-01-31,50.0,Male,Gujranwala,Operations,Monitor,Accessories,7,152785.57,23.6,JazzCash,Returned,3.5,7.0,2,1069498.99,252401.76,817097.23
ORD10422,CUST1072,2025-01-31,25.0,Male,Lahore,Finance,Tablet,Office,3,136828.57,15.29,Cash,Completed,3.6,4.0,11,410485.71,62763.27,347722.44
ORD10423,CUST1073,2025-02-01,61.0,Female,Burewala,Sales,Printer,Office,6,62811.17,9.0,EasyPaisa,Pending,3.5,9.0,14,376867.02,33918.03,342948.99
ORD10424,CUST1074,2025-02-02,61.0,Male,Burewala,Marketing,Smartwatch,Accessories,4,86147.23,4.54,JazzCash,Completed,3.2,11.0,4,344588.92,15644.34,328944.58
ORD10425,CUST1075,2025-02-03,22.0,Female,Gujranwala,HR,Laptop,Office,7,213086.08,8.54,Bank Transfer,Completed,4.9,12.0,8,1491602.56,127382.86,1364219.7
ORD10426,CUST1076,2025-02-04,56.0,Female,Rawalpindi,Finance,Phone,Office,6,140024.92,11.28,JazzCash,Cancelled,3.9,14.0,9,840149.52,94768.87,745380.65
ORD10427,CUST1077,2025-02-05,21.0,Female,Rawalpindi,Finance,Headphones,Office,5,128928.18,22.69,Card,Completed,4.1,13.0,9,644640.9,146269.02,498371.88
ORD10428,CUST1078,2025-02-06,23.0,Male,Rawalpindi,Finance,Monitor,Electronics,5,25345.14,16.19,JazzCash,Completed,,13.0,11,126725.7,20516.89,106208.81
ORD10429,CUST1079,2025-02-07,62.0,Male,Multan,Finance,Printer,Accessories,3,4499.03,2.32,EasyPaisa,Completed,1.9,10.0,13,13497.09,313.13,13183.96
ORD10430,CUST1080,2025-02-08,49.0,Male,Peshawar,Operations,Tablet,Electronics,3,240939.45,0.54,JazzCash,Completed,1.3,2.0,13,722818.35,3903.22,718915.13
ORD10431,CUST1081,2025-02-09,47.0,Female,Multan,Finance,Mouse,Accessories,7,94558.05,3.07,Cash,Completed,2.9,5.0,11,661906.35,20320.52,641585.83
ORD10432,CUST1082,2025-02-10,64.0,Male,Lahore,Marketing,Webcam,Accessories,2,151001.66,12.31,JazzCash,Completed,3.1,8.0,10,302003.32,37176.61,264826.71
ORD10433,CUST1083,2025-02-11,52.0,Female,Gujranwala,HR,Laptop,Office,4,20388.91,28.0,EasyPaisa,Completed,4.3,14.0,9,81555.64,22835.58,58720.06
ORD10434,CUST1084,2025-02-12,57.0,Male,Burewala,Operations,Laptop,Accessories,7,170937.01,19.12,Cash,Completed,2.8,5.0,2,1196559.07,228782.09,967776.98
ORD10435,CUST1085,2025-02-13,33.0,Female,Peshawar,Finance,Printer,Electronics,4,233175.39,24.05,Bank Transfer,Completed,3.3,10.0,4,932701.56,224314.73,708386.83
ORD10436,CUST1086,2025-02-14,30.0,Male,Multan,IT,Tablet,Electronics,3,144128.48,13.99,Cash,Completed,3.1,12.0,9,432385.44,60490.72,371894.72
ORD10437,CUST1087,2025-02-15,59.0,Male,Multan,IT,Keyboard,Electronics,5,31965.77,10.85,Card,Completed,1.2,8.0,4,159828.85,17341.43,142487.42
ORD10438,CUST1088,2025-02-16,47.0,Male,Faisalabad,HR,Laptop,Accessories,3,145639.52,3.25,Cash,Completed,3.5,8.0,8,436918.56,14199.85,422718.71
ORD10439,CUST1089,2025-02-17,36.0,Female,Multan,Sales,Keyboard,Electronics,5,191703.63,26.28,Bank Transfer,Completed,4.3,9.0,10,958518.15,251898.57,706619.58
ORD10440,CUST1090,2025-02-17,34.0,Female,Sialkot,Sales,Mouse,Accessories,7,101900.93,23.49,JazzCash,Returned,,10.0,11,713306.51,167555.7,545750.81
ORD10441,CUST1091,2025-02-18,36.0,Male,Burewala,Operations,Printer,Electronics,5,220019.52,5.04,Cash,Completed,3.4,6.0,9,1100097.6,55444.92,1044652.68
ORD10442,CUST1092,2025-02-19,45.0,Male,Sialkot,Operations,Tablet,Electronics,3,162346.4,15.37,Cash,Cancelled,3.4,12.0,10,487039.2,74857.93,412181.27
ORD10443,CUST1093,2025-02-20,43.0,Female,Burewala,Operations,Tablet,Accessories,1,224862.61,14.62,Cash,Cancelled,1.7,4.0,3,224862.61,32874.91,191987.7
ORD10444,CUST1094,2025-02-21,54.0,Female,Gujranwala,Sales,Smartwatch,Electronics,4,156064.58,18.75,Cash,Pending,1.5,12.0,0,624258.32,117048.43,507209.89
ORD10445,CUST1095,2025-02-22,43.0,Female,Burewala,IT,Webcam,Office,6,33256.35,28.39,Bank Transfer,Completed,4.9,11.0,9,199538.1,56648.87,142889.23
ORD10446,CUST1096,2025-02-23,40.0,Male,Sialkot,Sales,Monitor,Accessories,5,77768.08,17.39,EasyPaisa,Pending,2.6,3.0,4,388840.4,67619.35,321221.05
ORD10447,CUST1097,2025-02-24,26.0,Female,Burewala,Marketing,Monitor,Accessories,5,50847.84,16.21,EasyPaisa,Pending,1.9,12.0,0,254239.2,41212.17,213027.03
ORD10448,CUST1098,2025-02-25,29.0,Male,Gujranwala,Finance,Headphones,Accessories,1,227252.21,1.51,Cash,Completed,1.7,14.0,5,227252.21,3431.51,223820.7
ORD10449,CUST1099,2025-02-26,18.0,Female,Gujranwala,Operations,Phone,Office,7,190219.82,1.89,Bank Transfer,Completed,3.7,5.0,11,1331538.74,25166.08,1306372.66
ORD10450,CUST1100,2025-02-27,18.0,Male,Lahore,IT,Printer,Accessories,7,169261.39,5.62,Bank Transfer,Completed,3.4,6.0,15,1184829.73,66587.43,1118242.3
ORD10451,CUST1101,2025-02-28,64.0,Female,Burewala,HR,Mouse,Electronics,7,75591.1,0.97,Cash,Completed,3.6,3.0,9,529137.7,5132.64,524005.06
ORD10452,CUST1102,2025-03-01,51.0,Female,Faisalabad,HR,Tablet,Electronics,6,46419.17,22.3,Card,Completed,1.4,2.0,9,278515.02,62108.85,216406.17
ORD10453,CUST1103,2025-03-02,49.0,Female,Rawalpindi,Finance,Webcam,Electronics,2,189234.55,21.7,Cash,Completed,4.6,7.0,14,378469.1,82127.79,296341.31
ORD10454,CUST1104,2025-03-03,65.0,Female,Karachi,IT,Keyboard,Accessories,1,118802.41,4.08,Card,Completed,2.6,11.0,6,118802.41,4847.14,113955.27
ORD10455,CUST1105,2025-03-04,,Female,Gujranwala,Sales,Printer,Electronics,6,56834.49,25.08,Cash,Completed,2.3,5.0,0,341006.94,85524.54,255482.4
ORD10456,CUST1106,2025-03-05,57.0,Male,Islamabad,Sales,Headphones,Accessories,1,154347.18,4.64,Card,Completed,2.8,,9,154347.18,7161.71,147185.47
ORD10457,CUST1107,2025-03-05,62.0,Female,Rawalpindi,Marketing,Printer,Electronics,5,10563.3,9.04,Card,Completed,2.6,3.0,3,52816.5,4774.61,48041.89
ORD10458,CUST1108,2025-03-06,18.0,Female,Peshawar,Marketing,Headphones,Office,4,81879.48,7.47,Cash,Cancelled,4.5,14.0,8,327517.92,24465.59,303052.33
ORD10459,CUST1109,2025-03-07,33.0,Female,Burewala,Sales,Tablet,Office,1,117404.97,11.17,Card,Completed,4.7,8.0,12,117404.97,13114.14,104290.83
ORD10460,CUST1110,2025-03-08,56.0,Male,Sialkot,HR,Phone,Office,2,37415.6,7.64,JazzCash,Completed,2.2,6.0,0,74831.2,5717.1,69114.1
ORD10461,CUST1111,2025-03-09,22.0,Female,Karachi,Operations,Headphones,Office,3,246171.29,14.67,EasyPaisa,Completed,4.5,4.0,8,738513.87,108339.98,630173.89
ORD10462,CUST1112,2025-03-10,39.0,Male,Islamabad,HR,Tablet,Accessories,6,52669.79,12.22,Bank Transfer,Completed,4.1,12.0,7,316018.74,38617.49,277401.25
ORD10463,CUST1113,2025-03-11,46.0,Female,Rawalpindi,Marketing,Tablet,Electronics,1,33023.11,29.6,Card,Pending,4.7,12.0,4,33023.11,9774.84,23248.27
ORD10464,CUST1114,2025-03-12,20.0,Female,Burewala,Finance,Phone,Office,1,51281.95,1.68,Card,Returned,2.0,9.0,5,51281.95,861.54,50420.41
ORD10465,CUST1115,2025-03-13,29.0,Male,Lahore,Sales,Monitor,Accessories,2,192380.75,4.27,Bank Transfer,Completed,3.3,5.0,6,384761.5,16429.32,368332.18
ORD10466,CUST1116,2025-03-14,43.0,Female,Peshawar,Marketing,Printer,Office,4,106663.66,1.58,Card,Returned,2.1,10.0,3,426654.64,6741.14,419913.5
ORD10467,CUST1117,2025-03-15,33.0,Male,Karachi,Marketing,Laptop,Office,1,141571.28,18.78,Bank Transfer,Completed,,6.0,13,141571.28,26587.09,114984.19
ORD10468,CUST1118,2025-03-16,54.0,Male,Faisalabad,Operations,Laptop,Accessories,1,5741.78,,Cash,Completed,1.0,14.0,13,5741.78,94.17,5647.61
ORD10469,CUST1119,2025-03-17,39.0,Female,Lahore,Sales,Keyboard,Accessories,4,9090.61,25.09,JazzCash,Completed,3.3,13.0,5,36362.44,9123.34,27239.1
ORD10470,CUST1120,2025-03-18,46.0,Male,Islamabad,Operations,Keyboard,Electronics,2,111733.47,15.36,JazzCash,Cancelled,2.4,9.0,6,223466.94,34324.52,189142.42
ORD10471,CUST1121,2025-03-19,,Female,Karachi,Sales,Laptop,Electronics,6,204255.48,15.81,EasyPaisa,Completed,2.3,7.0,10,1225532.88,193756.75,1031776.13
ORD10472,CUST1122,2025-03-20,45.0,Female,Lahore,Operations,Mouse,Office,6,221367.1,16.85,Card,Completed,3.6,12.0,14,1328202.6,223802.14,1104400.46
ORD10473,CUST1123,2025-03-21,22.0,Male,Peshawar,HR,Laptop,Office,1,22133.29,5.12,EasyPaisa,Pending,4.4,5.0,5,22133.29,1133.22,21000.07
ORD10474,CUST1124,2025-03-22,64.0,Male,Faisalabad,Finance,Keyboard,Electronics,4,134821.59,5.93,Cash,Completed,3.4,2.0,10,539286.36,31979.68,507306.68
ORD10475,CUST1125,2025-03-22,47.0,Male,Lahore,Finance,Webcam,Electronics,1,228350.81,9.56,JazzCash,Completed,4.4,4.0,12,228350.81,21830.34,206520.47
ORD10476,CUST1126,2025-03-23,63.0,Male,Multan,Sales,Keyboard,Accessories,7,97299.2,17.8,Cash,Cancelled,2.1,2.0,14,681094.4,121234.8,559859.6
ORD10477,CUST1127,2025-03-24,22.0,Female,Faisalabad,IT,Mouse,Electronics,3,207476.67,6.3,Cash,Completed,3.1,3.0,11,622430.01,39213.09,583216.92
ORD10478,CUST1128,2025-03-25,29.0,Female,Islamabad,Marketing,Printer,Electronics,6,33857.07,3.49,Card,Completed,2.8,10.0,5,203142.42,7089.67,196052.75
ORD10479,CUST1129,2025-03-26,33.0,Male,Peshawar,Marketing,Laptop,Office,7,233880.93,29.1,Cash,Completed,1.0,,1,1637166.51,476415.45,1160751.06
ORD10480,CUST1130,2025-03-27,43.0,Female,Burewala,Sales,Phone,Electronics,5,187980.12,0.66,JazzCash,Completed,3.2,3.0,4,939900.6,6203.34,933697.26
ORD10481,CUST1131,2025-03-28,43.0,Female,Sialkot,Operations,Webcam,Office,3,235362.93,24.08,EasyPaisa,Completed,3.6,4.0,2,706088.79,170026.18,536062.61
ORD10482,CUST1132,2025-03-29,65.0,Female,Sialkot,IT,Tablet,Electronics,1,169316.0,23.64,JazzCash,Completed,3.4,6.0,6,169316.0,40026.3,129289.7
ORD10483,CUST1133,2025-03-30,38.0,Female,Sialkot,HR,Mouse,Accessories,2,91169.28,8.92,Card,Completed,3.9,12.0,3,182338.56,16264.6,166073.96
ORD10484,CUST1134,2025-03-31,56.0,Male,Karachi,Operations,Keyboard,Electronics,6,234576.2,4.07,JazzCash,Completed,3.3,3.0,0,1407457.2,57283.51,1350173.69
ORD10485,CUST1135,2025-04-01,53.0,Male,Islamabad,Operations,Phone,Electronics,5,69253.91,4.37,Bank Transfer,Cancelled,1.3,10.0,11,346269.55,15131.98,331137.57
ORD10486,CUST1136,2025-04-02,50.0,Female,Peshawar,Sales,Headphones,Electronics,3,83377.04,20.92,EasyPaisa,Returned,1.5,14.0,11,250131.12,52327.43,197803.69
ORD10487,CUST1137,2025-04-03,47.0,Male,Faisalabad,Sales,Monitor,Office,6,175351.7,19.28,Bank Transfer,Completed,3.4,1.0,5,1052110.2,202846.85,849263.35
ORD10488,CUST1138,2025-04-04,54.0,Male,Karachi,Marketing,Laptop,Accessories,4,191446.42,23.48,Bank Transfer,Completed,2.1,1.0,5,765785.68,179806.48,585979.2
ORD10489,CUST1139,2025-04-05,40.0,Male,Islamabad,Sales,Monitor,Electronics,2,232386.17,28.12,Card,Cancelled,1.3,9.0,6,464772.34,130693.98,334078.36
ORD10490,CUST1140,2025-04-06,27.0,Female,Burewala,Sales,Mouse,Office,3,51598.2,20.76,Cash,Completed,2.7,9.0,14,154794.6,32135.36,122659.24
ORD10491,CUST1141,2025-04-07,22.0,Female,Multan,Sales,Headphones,Accessories,4,199600.51,4.68,Bank Transfer,Completed,3.2,5.0,15,798402.04,37365.22,761036.82
ORD10492,CUST1142,2025-04-07,53.0,Female,Peshawar,Marketing,Headphones,Office,7,184767.24,7.3,JazzCash,Returned,2.3,9.0,10,1293370.68,94416.06,1198954.62
ORD10493,CUST1143,2025-04-08,51.0,Male,Sialkot,HR,Headphones,Office,1,16416.74,25.27,Cash,Pending,3.9,11.0,7,16416.74,4148.51,12268.23
ORD10494,CUST1144,2025-04-09,48.0,Female,Lahore,HR,Tablet,Accessories,4,97112.17,,JazzCash,Pending,,7.0,14,388448.68,24394.58,364054.1
ORD10495,CUST1145,2025-04-10,27.0,Female,Peshawar,Sales,Mouse,Electronics,3,71049.98,2.18,JazzCash,Completed,2.3,9.0,2,213149.94,4646.67,208503.27
ORD10496,CUST1146,2025-04-11,36.0,Male,Gujranwala,Marketing,Printer,Office,3,76470.36,21.1,Cash,Completed,4.0,12.0,13,229411.08,48405.74,181005.34
ORD10497,CUST1147,2025-04-12,49.0,Female,Islamabad,HR,Monitor,Office,7,245745.25,12.08,Cash,Completed,3.6,7.0,5,1720216.75,207802.18,1512414.57
ORD10498,CUST1148,2025-04-13,18.0,Female,Rawalpindi,Operations,Printer,Electronics,1,160872.96,27.6,JazzCash,Completed,3.5,9.0,9,160872.96,44400.94,116472.02
ORD10499,CUST1149,2025-04-14,22.0,Male,Burewala,HR,Phone,Electronics,4,179560.2,19.51,Card,Completed,3.2,2.0,1,718240.8,140128.78,578112.02
ORD10500,CUST1150,2025-04-15,62.0,Male,Multan,HR,Smartwatch,Accessories,4,244166.1,2.71,EasyPaisa,Completed,1.0,11.0,12,976664.4,26467.61,950196.79
ORD10501,CUST1151,2025-04-16,21.0,Male,Burewala,Marketing,Webcam,Accessories,1,94611.84,28.44,EasyPaisa,Pending,,11.0,13,94611.84,26907.61,67704.23
ORD10502,CUST1152,2025-04-17,33.0,Female,Peshawar,Operations,Webcam,Accessories,4,200559.12,7.76,Card,Pending,2.5,8.0,8,802236.48,62253.55,739982.93
ORD10503,CUST1153,2025-04-18,41.0,Female,Rawalpindi,Marketing,Printer,Electronics,6,108915.48,10.12,Cash,Completed,4.8,7.0,1,653492.88,66133.48,587359.4
ORD10504,CUST1154,2025-04-19,33.0,Female,Gujranwala,Sales,Smartwatch,Office,1,217448.65,12.07,JazzCash,Pending,4.3,6.0,2,217448.65,26246.05,191202.6
ORD10505,CUST1155,2025-04-20,19.0,Male,Faisalabad,Finance,Smartwatch,Office,2,45574.06,1.54,EasyPaisa,Pending,3.4,5.0,11,91148.12,1403.68,89744.44
ORD10506,CUST1156,2025-04-21,45.0,Male,Lahore,HR,Laptop,Accessories,3,236947.7,14.9,JazzCash,Completed,2.0,4.0,14,710843.1,105915.62,604927.48
ORD10507,CUST1157,2025-04-22,49.0,Female,Rawalpindi,Finance,Phone,Electronics,2,55083.54,3.7,Card,Completed,1.8,7.0,14,110167.08,4076.18,106090.9
ORD10508,CUST1158,2025-04-23,44.0,Female,Islamabad,Marketing,Mouse,Office,6,81892.02,12.03,JazzCash,Completed,2.4,3.0,12,491352.12,59109.66,432242.46
ORD10509,CUST1159,2025-04-24,,Male,Sialkot,Marketing,Smartwatch,Accessories,7,189169.96,10.52,Card,Completed,2.9,8.0,9,1324189.72,139304.76,1184884.96
ORD10510,CUST1160,2025-04-24,41.0,Male,Gujranwala,Marketing,Keyboard,Office,6,98741.91,23.19,Cash,Completed,2.2,2.0,11,592451.46,137389.49,455061.97
ORD10511,CUST1161,2025-04-25,29.0,Male,Lahore,Finance,Webcam,Office,5,152248.74,24.1,Card,Completed,3.1,1.0,11,761243.7,183459.73,577783.97
ORD10512,CUST1162,2025-04-26,52.0,Male,Multan,Marketing,Keyboard,Electronics,5,111421.09,4.6,Card,Completed,1.7,11.0,1,557105.45,25626.85,531478.6
ORD10513,CUST1163,2025-04-27,50.0,Female,Sialkot,Sales,Phone,Electronics,5,185721.3,11.0,EasyPaisa,Completed,4.9,2.0,8,928606.5,102146.72,826459.78
ORD10514,CUST1164,2025-04-28,50.0,Male,Peshawar,Marketing,Smartwatch,Office,1,57468.65,11.2,JazzCash,Cancelled,1.4,9.0,0,57468.65,6436.49,51032.16
ORD10515,CUST1165,2025-04-29,60.0,Female,Rawalpindi,IT,Monitor,Accessories,4,15085.27,4.54,EasyPaisa,Completed,4.7,5.0,4,60341.08,2739.49,57601.59
ORD10516,CUST1166,2025-04-30,54.0,Female,Lahore,Finance,Webcam,Electronics,6,75332.38,23.95,Bank Transfer,Pending,4.7,11.0,15,451994.28,108252.63,343741.65
ORD10517,CUST1167,2025-05-01,29.0,Female,Karachi,IT,Laptop,Office,2,118840.01,21.22,Card,Completed,3.1,8.0,0,237680.02,50435.7,187244.32
ORD10518,CUST1168,2025-05-02,20.0,Male,Faisalabad,Marketing,Laptop,Electronics,7,42421.0,5.71,Bank Transfer,Completed,3.9,3.0,4,296947.0,16955.67,279991.33
ORD10519,CUST1169,2025-05-03,18.0,Male,Faisalabad,Sales,Headphones,Electronics,2,89021.92,11.0,EasyPaisa,Returned,2.7,7.0,7,178043.84,19584.82,158459.02
ORD10520,CUST1170,2025-05-04,50.0,Male,Gujranwala,HR,Tablet,Electronics,2,100295.76,3.17,JazzCash,Completed,3.5,2.0,7,200591.52,6358.75,194232.77
ORD10521,CUST1171,2025-05-05,57.0,Male,Multan,Operations,Smartwatch,Office,2,14819.27,18.85,EasyPaisa,Completed,2.4,8.0,10,29638.54,5586.86,24051.68
ORD10522,CUST1172,2025-05-06,27.0,Female,Gujranwala,Operations,Phone,Accessories,7,146035.16,3.64,JazzCash,Pending,2.2,14.0,7,1022246.12,37209.76,985036.36
ORD10523,CUST1173,2025-05-07,60.0,Male,Karachi,Marketing,Webcam,Accessories,5,221143.69,29.58,JazzCash,Completed,3.3,7.0,1,1105718.45,327071.52,778646.93
ORD10524,CUST1174,2025-05-08,61.0,Male,Islamabad,Sales,Tablet,Accessories,2,38359.86,23.42,Cash,Completed,3.0,12.0,7,76719.72,17967.76,58751.96
ORD10525,CUST1175,2025-05-09,46.0,Female,Multan,Finance,Phone,Electronics,7,149653.1,11.71,Card,Completed,3.3,5.0,11,1047571.7,122670.65,924901.05
ORD10526,CUST1176,2025-05-10,30.0,Male,Burewala,IT,Printer,Office,7,166352.43,17.36,EasyPaisa,Pending,2.1,12.0,4,1164467.01,202151.47,962315.54
ORD10527,CUST1177,2025-05-10,29.0,Female,Islamabad,IT,Smartwatch,Electronics,4,105124.0,27.34,JazzCash,Completed,2.5,11.0,14,420496.0,114963.61,305532.39
ORD10528,CUST1178,2025-05-11,48.0,Female,Multan,IT,Mouse,Accessories,7,175423.85,16.62,EasyPaisa,Completed,1.3,4.0,0,1227966.95,204088.11,1023878.84
ORD10529,CUST1179,2025-05-12,63.0,Female,Multan,Finance,Mouse,Accessories,5,102977.52,5.23,EasyPaisa,Completed,1.2,1.0,6,514887.6,26928.62,487958.98
ORD10530,CUST1180,2025-05-13,19.0,Female,Karachi,Operations,Smartwatch,Office,2,126407.0,11.36,JazzCash,Completed,2.0,5.0,12,252814.0,28719.67,224094.33
ORD10531,CUST1181,2025-05-14,52.0,Female,Peshawar,Sales,Headphones,Electronics,7,2334.58,25.29,Bank Transfer,Pending,1.3,12.0,5,16342.06,4132.91,12209.15
ORD10532,CUST1182,2025-05-15,40.0,Female,Karachi,Finance,Headphones,Accessories,1,173084.17,19.33,Card,Completed,1.4,,4,173084.17,33457.17,139627.0
ORD10533,CUST1183,2025-05-16,34.0,Female,Multan,IT,Mouse,Office,7,165505.0,19.52,Card,Completed,4.3,10.0,0,1158535.0,226146.03,932388.97
ORD10534,CUST1184,2025-05-17,43.0,Female,Lahore,Marketing,Monitor,Electronics,3,10081.02,26.0,Cash,Completed,1.2,4.0,13,30243.06,7863.2,22379.86
ORD10535,CUST1185,2025-05-18,25.0,Male,Islamabad,HR,Webcam,Electronics,3,92378.4,26.82,Cash,Cancelled,3.6,13.0,13,277135.2,74327.66,202807.54
ORD10536,CUST1186,2025-05-19,46.0,Male,Karachi,Finance,Mouse,Accessories,3,244768.44,27.59,Cash,Completed,2.1,9.0,15,734305.32,202594.84,531710.48
ORD10537,CUST1187,2025-05-20,43.0,Male,Peshawar,Finance,Monitor,Accessories,7,105473.77,2.85,Card,Cancelled,4.5,12.0,0,738316.39,21042.02,717274.37
ORD10538,CUST1188,2025-05-21,27.0,Male,Rawalpindi,Sales,Tablet,Electronics,5,125735.38,16.32,Bank Transfer,Pending,2.9,2.0,5,628676.9,102600.07,526076.83
ORD10539,CUST1189,2025-05-22,43.0,Female,Gujranwala,Sales,Monitor,Electronics,2,227527.57,22.22,Card,Completed,2.2,4.0,9,455055.14,101113.25,353941.89
ORD10540,CUST1190,2025-05-23,51.0,Male,Multan,Finance,Tablet,Accessories,6,179456.84,,Card,Completed,3.1,9.0,11,1076741.04,244527.89,832213.15
ORD10541,CUST1191,2025-05-24,58.0,Female,Burewala,IT,Phone,Electronics,6,145726.5,18.2,Card,Completed,2.5,4.0,6,874359.0,159133.34,715225.66
ORD10542,CUST1192,2025-05-25,24.0,Male,Rawalpindi,HR,Keyboard,Accessories,6,199552.27,5.0,Card,Pending,3.3,5.0,9,1197313.62,59865.68,1137447.94
ORD10543,CUST1193,2025-05-26,21.0,Male,Faisalabad,Sales,Phone,Electronics,5,216159.38,23.92,Bank Transfer,Completed,1.5,11.0,9,1080796.9,258526.62,822270.28
ORD10544,CUST1194,2025-05-27,62.0,Male,Sialkot,IT,Mouse,Accessories,4,114493.57,21.6,Cash,Completed,5.0,8.0,0,457974.28,98922.44,359051.84
ORD10545,CUST1195,2025-05-27,28.0,Female,Peshawar,Marketing,Tablet,Office,1,119039.54,2.58,EasyPaisa,Pending,2.7,1.0,15,119039.54,3071.22,115968.32
ORD10546,CUST1196,2025-05-28,46.0,Male,Burewala,Sales,Mouse,Accessories,1,96819.71,13.91,Cash,Completed,2.4,1.0,8,96819.71,13467.62,83352.09
ORD10547,CUST1197,2025-05-29,53.0,Female,Sialkot,IT,Smartwatch,Accessories,3,241693.18,5.22,Cash,Completed,3.8,9.0,14,725079.54,37849.15,687230.39
ORD10548,CUST1198,2025-05-30,42.0,Female,Peshawar,IT,Webcam,Office,3,174442.98,10.12,EasyPaisa,Completed,2.5,9.0,3,523328.94,52960.89,470368.05
ORD10549,CUST1199,2025-05-31,38.0,Male,Lahore,HR,Laptop,Electronics,7,21264.16,0.54,Card,Completed,4.3,4.0,4,148849.12,803.79,148045.33
ORD10550,CUST1200,2025-06-01,53.0,Male,Gujranwala,HR,Mouse,Office,6,215808.43,12.01,Bank Transfer,Pending,2.8,13.0,1,1294850.58,155511.55,1139339.03
ORD10551,CUST1201,2025-06-02,27.0,Male,Rawalpindi,Marketing,Webcam,Accessories,7,120399.71,16.5,Bank Transfer,Completed,3.9,2.0,13,842797.97,139061.67,703736.3
ORD10552,CUST1202,2025-06-03,54.0,Female,Islamabad,IT,Monitor,Electronics,6,17654.1,18.59,Cash,Completed,1.4,13.0,11,105924.6,19691.38,86233.22
ORD10553,CUST1203,2025-06-04,26.0,Male,Peshawar,Operations,Phone,Office,3,137654.46,19.9,EasyPaisa,Cancelled,4.4,9.0,9,412963.38,82179.71,330783.67
ORD10554,CUST1204,2025-06-05,41.0,Female,Islamabad,IT,Monitor,Electronics,2,104582.49,25.09,JazzCash,Completed,3.9,14.0,12,209164.98,52479.49,156685.49
ORD10555,CUST1205,2025-06-06,52.0,Female,Gujranwala,HR,Laptop,Electronics,4,219498.48,6.46,Card,Returned,1.8,4.0,7,877993.92,56718.41,821275.51
ORD10556,CUST1206,2025-06-07,52.0,Male,Multan,Operations,Tablet,Office,7,51396.65,3.61,Cash,Returned,1.6,6.0,13,359776.55,12987.93,346788.62
ORD10557,CUST1207,2025-06-08,65.0,Male,Faisalabad,Sales,Smartwatch,Electronics,4,206702.92,25.55,Bank Transfer,Completed,,12.0,1,826811.68,211250.38,615561.3
ORD10558,CUST1208,2025-06-09,53.0,Female,Rawalpindi,Sales,Webcam,Office,4,139643.33,4.7,EasyPaisa,Completed,4.9,1.0,2,558573.32,26252.95,532320.37
ORD10559,CUST1209,2025-06-10,35.0,Female,Gujranwala,Finance,Smartwatch,Accessories,4,14125.27,29.24,EasyPaisa,Completed,2.0,12.0,14,56501.08,16520.92,39980.16
ORD10560,CUST1210,2025-06-11,56.0,Female,Gujranwala,HR,Keyboard,Electronics,3,242975.4,25.28,Cash,Completed,2.8,9.0,11,728926.2,184272.54,544653.66
ORD10561,CUST1211,2025-06-12,49.0,Male,Lahore,Finance,Mouse,Accessories,1,128397.5,15.03,JazzCash,Completed,1.1,5.0,14,128397.5,19298.14,109099.36
ORD10562,CUST1212,2025-06-12,41.0,Female,Sialkot,Operations,Tablet,Accessories,3,73073.78,29.44,Bank Transfer,Completed,2.6,3.0,8,219221.34,64538.76,154682.58
ORD10563,CUST1213,2025-06-13,40.0,Male,Faisalabad,HR,Keyboard,Electronics,4,117617.01,2.92,Cash,Completed,,4.0,1,470468.04,13737.67,456730.37
ORD10564,CUST1214,2025-06-14,49.0,Female,Rawalpindi,Marketing,Printer,Office,3,214535.52,9.09,JazzCash,Cancelled,4.8,1.0,13,643606.56,58503.84,585102.72
ORD10565,CUST1215,2025-06-15,54.0,Female,Multan,IT,Mouse,Electronics,4,76573.33,19.15,EasyPaisa,Completed,3.1,,5,306293.32,58655.17,247638.15
ORD10566,CUST1216,2025-06-16,29.0,Male,Multan,Marketing,Monitor,Accessories,5,48572.76,10.5,Card,Completed,4.3,9.0,11,242863.8,25500.7,217363.1
ORD10567,CUST1217,2025-06-17,30.0,Female,Karachi,Operations,Phone,Accessories,6,32703.28,27.85,Bank Transfer,Completed,3.2,14.0,3,196219.68,54647.18,141572.5
ORD10568,CUST1218,2025-06-18,40.0,Male,Gujranwala,HR,Webcam,Office,1,74815.92,1.97,Bank Transfer,Returned,1.2,8.0,6,74815.92,1473.87,73342.05
ORD10569,CUST1219,2025-06-19,42.0,Male,Peshawar,Operations,Laptop,Electronics,5,195122.0,16.48,JazzCash,Completed,2.3,4.0,13,975610.0,160780.53,814829.47
ORD10570,CUST1220,2025-06-20,52.0,Female,Lahore,IT,Laptop,Accessories,2,118170.78,17.73,Cash,Pending,3.3,2.0,13,236341.56,41903.36,194438.2
ORD10571,CUST1221,2025-06-21,58.0,Male,Faisalabad,Sales,Monitor,Accessories,3,57256.66,19.58,EasyPaisa,Completed,4.8,14.0,5,171769.98,33632.56,138137.42
ORD10572,CUST1222,2025-06-22,47.0,Male,Multan,Sales,Headphones,Accessories,2,41963.16,7.67,JazzCash,Completed,4.4,9.0,9,83926.32,6437.15,77489.17
ORD10573,CUST1223,2025-06-23,34.0,Female,Rawalpindi,Operations,Laptop,Office,7,83516.0,10.94,Card,Completed,1.9,4.0,13,584612.0,63956.55,520655.45
ORD10574,CUST1224,2025-06-24,37.0,Male,Karachi,Finance,Webcam,Accessories,3,235011.13,25.31,Card,Completed,1.9,9.0,8,705033.39,178443.95,526589.44
ORD10575,CUST1225,2025-06-25,65.0,Male,Rawalpindi,HR,Monitor,Accessories,6,86085.16,5.85,Card,Completed,1.8,10.0,13,516510.96,30215.89,486295.07
ORD10576,CUST1226,2025-06-26,42.0,Male,Lahore,HR,Tablet,Electronics,5,247036.96,24.81,JazzCash,Completed,4.7,3.0,8,1235184.8,306449.35,928735.45
ORD10577,CUST1227,2025-06-27,39.0,Female,Peshawar,Sales,Laptop,Electronics,6,121565.0,16.88,EasyPaisa,Completed,4.4,7.0,9,729390.0,123121.03,606268.97
ORD10578,CUST1228,2025-06-28,30.0,Male,Karachi,Marketing,Smartwatch,Accessories,7,45201.4,22.87,Bank Transfer,Returned,4.1,7.0,3,316409.8,72362.92,244046.88
ORD10579,CUST1229,2025-06-29,36.0,Female,Karachi,IT,Monitor,Accessories,4,222839.45,21.41,Cash,Completed,2.6,10.0,15,891357.8,190839.7,700518.1
ORD10580,CUST1230,2025-06-29,53.0,Female,Sialkot,Marketing,Webcam,Electronics,6,115358.67,6.23,Bank Transfer,Returned,3.0,13.0,0,692152.02,43121.07,649030.95
ORD10581,CUST1231,2025-06-30,29.0,Male,Faisalabad,Marketing,Smartwatch,Office,6,177563.0,17.06,EasyPaisa,Completed,2.9,4.0,1,1065378.0,181753.49,883624.51
ORD10582,CUST1232,2025-07-01,58.0,Male,Karachi,Operations,Mouse,Office,4,245936.04,26.03,Bank Transfer,Completed,,2.0,15,983744.16,256068.6,727675.56
ORD10583,CUST1233,2025-07-02,36.0,Male,Sialkot,Sales,Mouse,Office,3,13018.75,12.96,JazzCash,Completed,3.0,11.0,7,39056.25,5061.69,33994.56
ORD10584,CUST1234,2025-07-03,29.0,Female,Sialkot,Sales,Laptop,Office,4,24625.29,29.0,Card,Completed,1.1,9.0,13,98501.16,28565.34,69935.82
ORD10585,CUST1235,2025-07-04,26.0,Male,Lahore,Sales,Smartwatch,Office,5,180253.96,13.57,EasyPaisa,Completed,1.5,4.0,9,901269.8,122302.31,778967.49
ORD10586,CUST1236,2025-07-05,24.0,Male,Islamabad,Operations,Phone,Office,6,70815.34,4.28,EasyPaisa,Completed,4.5,8.0,7,424892.04,18185.38,406706.66
ORD10587,CUST1237,2025-07-06,45.0,Male,Rawalpindi,Finance,Mouse,Office,4,46483.2,11.68,Bank Transfer,Completed,4.0,14.0,13,185932.8,21716.95,164215.85
ORD10588,CUST1238,2025-07-07,31.0,Male,Peshawar,Marketing,Phone,Office,7,10320.79,28.55,JazzCash,Pending,2.7,2.0,14,72245.53,20626.1,51619.43
ORD10589,CUST1239,2025-07-08,48.0,Male,Burewala,Operations,Tablet,Electronics,7,5950.75,9.59,Bank Transfer,Completed,3.1,8.0,1,41655.25,3994.74,37660.51
ORD10590,CUST1240,2025-07-09,36.0,Female,Rawalpindi,HR,Monitor,Office,6,193734.16,26.04,Bank Transfer,Pending,2.5,11.0,15,1162404.96,302690.25,859714.71
ORD10591,CUST1241,2025-07-10,64.0,Female,Karachi,IT,Keyboard,Office,5,34041.14,26.44,EasyPaisa,Completed,4.0,10.0,3,170205.7,45002.39,125203.31
ORD10592,CUST1242,2025-07-11,33.0,Male,Peshawar,Finance,Webcam,Office,2,117196.29,10.51,Bank Transfer,Completed,4.1,5.0,0,234392.58,24634.66,209757.92
ORD10593,CUST1243,2025-07-12,22.0,Male,Multan,HR,Monitor,Accessories,5,151671.26,2.5,Card,Completed,4.1,7.0,6,758356.3,18958.91,739397.39
ORD10594,CUST1244,2025-07-13,52.0,Male,Islamabad,Marketing,Webcam,Electronics,1,107373.77,21.74,Bank Transfer,Completed,3.9,7.0,3,107373.77,23343.06,84030.71
ORD10595,CUST1245,2025-07-14,29.0,Male,Multan,Sales,Smartwatch,Electronics,1,7263.11,9.35,Card,Completed,1.8,12.0,10,7263.11,679.1,6584.01
ORD10596,CUST1246,2025-07-15,42.0,Female,Multan,Marketing,Tablet,Electronics,1,195983.62,23.49,EasyPaisa,Completed,2.4,9.0,13,195983.62,46036.55,149947.07
ORD10597,CUST1247,2025-07-15,38.0,Male,Faisalabad,Operations,Printer,Office,6,3123.05,13.28,JazzCash,Completed,2.9,3.0,7,18738.3,2488.45,16249.85
ORD10598,CUST1248,2025-07-16,53.0,Female,Rawalpindi,IT,Laptop,Office,7,190591.53,14.56,Card,Completed,2.3,10.0,8,1334140.71,194250.89,1139889.82
ORD10599,CUST1249,2025-07-17,40.0,Female,Burewala,Operations,Webcam,Accessories,3,223379.47,23.34,JazzCash,Completed,4.0,4.0,11,670138.41,156410.3,513728.11
ORD10600,CUST1250,2025-07-18,33.0,Male,Lahore,Finance,Webcam,Electronics,7,108493.56,11.47,JazzCash,Completed,2.3,10.0,8,759454.92,87109.48,672345.44
ORD10601,CUST1251,2025-07-19,56.0,Female,Burewala,Finance,Smartwatch,Office,3,134117.85,13.29,Card,Completed,1.6,4.0,2,402353.55,53472.79,348880.76
ORD10602,CUST1252,2025-07-20,62.0,Female,Multan,IT,Phone,Electronics,3,119507.36,11.29,EasyPaisa,Returned,2.6,13.0,4,358522.08,40477.14,318044.94
ORD10603,CUST1253,2025-07-21,59.0,Female,Karachi,HR,Monitor,Accessories,7,97607.55,11.02,Cash,Pending,4.9,10.0,5,683252.85,75294.46,607958.39
ORD10604,CUST1254,2025-07-22,56.0,Female,Islamabad,HR,Printer,Accessories,6,221912.42,15.78,JazzCash,Completed,1.9,5.0,5,1331474.52,210106.68,1121367.84
ORD10605,CUST1255,2025-07-23,31.0,Male,Gujranwala,Finance,Headphones,Accessories,5,223536.41,24.26,JazzCash,Cancelled,3.4,14.0,9,1117682.05,271149.67,846532.38
ORD10606,CUST1256,2025-07-24,48.0,Male,Burewala,Finance,Laptop,Electronics,3,84286.18,10.85,EasyPaisa,Cancelled,2.7,,7,252858.54,27435.15,225423.39
ORD10607,CUST1257,2025-07-25,22.0,Female,Multan,Sales,Keyboard,Office,2,153959.9,15.73,EasyPaisa,Completed,1.3,3.0,5,307919.8,48435.78,259484.02
ORD10608,CUST1258,2025-07-26,52.0,Male,Islamabad,HR,Headphones,Office,7,231763.44,20.12,Bank Transfer,Completed,3.0,13.0,5,1622344.08,326415.63,1295928.45
ORD10609,CUST1259,2025-07-27,40.0,Male,Peshawar,IT,Monitor,Accessories,7,240533.6,8.08,EasyPaisa,Returned,3.8,4.0,3,1683735.2,136045.8,1547689.4
ORD10610,CUST1260,2025-07-28,46.0,Male,Rawalpindi,HR,Laptop,Office,1,127485.28,8.33,JazzCash,Completed,3.1,3.0,6,127485.28,10619.52,116865.76
ORD10611,CUST1261,2025-07-29,60.0,Male,Sialkot,Sales,Webcam,Accessories,5,113479.79,28.0,Card,Cancelled,4.5,2.0,13,567398.95,158871.71,408527.24
ORD10612,CUST1262,2025-07-30,28.0,Male,Faisalabad,Operations,Keyboard,Electronics,1,70034.23,21.71,Cash,Completed,2.2,10.0,13,70034.23,15204.43,54829.8
ORD10613,CUST1263,2025-07-31,35.0,Female,Islamabad,Finance,Phone,Accessories,7,239738.53,17.32,Bank Transfer,Completed,1.3,12.0,7,1678169.71,290658.99,1387510.72
ORD10614,CUST1264,2025-08-01,64.0,Male,Karachi,Finance,Printer,Electronics,7,36132.17,19.43,Card,Completed,4.7,9.0,2,252925.19,49143.36,203781.83
ORD10615,CUST1265,2025-08-01,29.0,Male,Karachi,Sales,Phone,Accessories,3,145167.48,0.88,Cash,Completed,2.5,1.0,6,435502.44,3832.42,431670.02
ORD10616,CUST1266,2025-08-02,26.0,Male,Islamabad,IT,Tablet,Office,5,70996.29,18.54,Cash,Pending,3.3,2.0,2,354981.45,65813.56,289167.89
ORD10617,CUST1267,2025-08-03,27.0,Male,Karachi,Finance,Smartwatch,Office,4,70112.57,15.29,Cash,Returned,4.2,,7,280450.28,42880.85,237569.43
ORD10618,CUST1268,2025-08-04,61.0,Female,Rawalpindi,Marketing,Laptop,Accessories,2,101539.66,16.37,Card,Completed,2.3,7.0,0,203079.32,33244.08,169835.24
ORD10619,CUST1269,2025-08-05,34.0,Female,Karachi,Finance,Phone,Office,3,249698.84,10.78,Bank Transfer,Completed,3.9,12.0,0,749096.52,80752.6,668343.92
ORD10620,CUST1270,2025-08-06,55.0,Female,Burewala,Marketing,Headphones,Office,7,14214.09,2.44,Bank Transfer,Pending,1.5,1.0,13,99498.63,2427.77,97070.86
ORD10621,CUST1271,2025-08-07,24.0,Female,Sialkot,Sales,Smartwatch,Office,3,144846.18,5.8,Cash,Completed,2.2,5.0,5,434538.54,25203.24,409335.3
ORD10622,CUST1272,2025-08-08,63.0,Male,Karachi,Sales,Phone,Electronics,2,21101.75,28.52,Card,Completed,1.6,10.0,9,42203.5,12036.44,30167.06
ORD10623,CUST1273,2025-08-09,30.0,Female,Sialkot,Finance,Mouse,Office,7,39052.95,12.26,Cash,Completed,4.2,6.0,8,273370.65,33515.24,239855.41
ORD10624,CUST1274,2025-08-10,57.0,Male,Multan,HR,Tablet,Electronics,2,110170.95,14.0,EasyPaisa,Pending,1.9,5.0,11,220341.9,30847.87,189494.03
ORD10625,CUST1275,2025-08-11,59.0,Male,Lahore,Marketing,Monitor,Accessories,4,127859.8,1.58,Bank Transfer,Pending,3.9,4.0,13,511439.2,8080.74,503358.46
ORD10626,CUST1276,2025-08-12,26.0,Male,Rawalpindi,IT,Printer,Office,3,65068.71,1.13,JazzCash,Completed,4.8,14.0,3,195206.13,2205.83,193000.3
ORD10627,CUST1277,2025-08-13,44.0,Male,Lahore,Finance,Tablet,Office,6,79456.05,21.52,Cash,Completed,3.1,13.0,5,476736.3,102593.65,374142.65
ORD10628,CUST1278,2025-08-14,19.0,Male,Multan,IT,Smartwatch,Office,3,22198.27,16.14,EasyPaisa,Returned,3.2,1.0,15,66594.81,10748.4,55846.41
ORD10629,CUST1279,2025-08-15,22.0,Female,Rawalpindi,Finance,Mouse,Accessories,1,76153.34,15.26,Bank Transfer,Completed,2.8,7.0,11,76153.34,11621.0,64532.34
ORD10630,CUST1280,2025-08-16,46.0,Female,Islamabad,HR,Laptop,Electronics,5,241656.33,7.29,Card,Completed,2.3,9.0,4,1208281.65,88083.73,1120197.92
ORD10631,CUST1281,2025-08-17,54.0,Female,Islamabad,HR,Headphones,Electronics,5,236204.49,22.34,Bank Transfer,Completed,2.9,6.0,11,1181022.45,263840.42,917182.03
ORD10632,CUST1282,2025-08-17,55.0,Female,Sialkot,HR,Printer,Office,1,84052.13,5.05,Card,Pending,3.4,3.0,14,84052.13,4244.63,79807.5
ORD10633,CUST1283,2025-08-18,36.0,Male,Multan,Operations,Printer,Accessories,7,142928.06,5.7,Card,Completed,4.9,10.0,0,1000496.42,57028.3,943468.12
ORD10634,CUST1284,2025-08-19,25.0,Female,Sialkot,HR,Tablet,Accessories,5,227444.05,13.82,Cash,Completed,4.8,14.0,5,1137220.25,157163.84,980056.41
ORD10635,CUST1285,2025-08-20,65.0,Male,Faisalabad,Sales,Smartwatch,Accessories,2,2042.86,8.59,Cash,Completed,4.4,4.0,8,4085.72,350.96,3734.76
ORD10636,CUST1286,2025-08-21,62.0,Female,Karachi,Sales,Laptop,Accessories,5,202765.55,7.42,Bank Transfer,Completed,4.6,10.0,14,1013827.75,75226.02,938601.73
ORD10637,CUST1287,2025-08-22,18.0,Male,Gujranwala,Operations,Webcam,Accessories,5,237118.2,19.36,EasyPaisa,Completed,2.9,5.0,14,1185591.0,229530.42,956060.58
ORD10638,CUST1288,2025-08-23,39.0,Male,Faisalabad,Marketing,Mouse,Electronics,1,23285.77,19.53,Bank Transfer,Completed,3.6,12.0,11,23285.77,4547.71,18738.06
ORD10639,CUST1289,2025-08-24,34.0,Female,Karachi,IT,Webcam,Electronics,7,40781.2,24.74,JazzCash,Completed,4.6,12.0,2,285468.4,70624.88,214843.52
ORD10640,CUST1290,2025-08-25,24.0,Male,Rawalpindi,Finance,Headphones,Electronics,4,240206.2,12.53,Card,Completed,,1.0,10,960824.8,120391.35,840433.45
ORD10641,CUST1291,2025-08-26,42.0,Male,Sialkot,Finance,Laptop,Office,5,134616.27,2.19,Card,Completed,4.8,5.0,14,673081.35,14740.48,658340.87
ORD10642,CUST1292,2025-08-27,62.0,Female,Rawalpindi,Operations,Laptop,Accessories,6,4042.06,8.21,Cash,Completed,2.7,1.0,2,24252.36,1991.12,22261.24
ORD10643,CUST1293,2025-08-28,21.0,Male,Rawalpindi,Sales,Mouse,Office,5,64779.18,29.4,EasyPaisa,Returned,3.4,9.0,13,323895.9,95225.39,228670.51
ORD10644,CUST1294,2025-08-29,53.0,Female,Karachi,Finance,Keyboard,Accessories,4,112760.95,17.89,Cash,Cancelled,3.8,7.0,1,451043.8,80691.74,370352.06
ORD10645,CUST1295,2025-08-30,23.0,Female,Multan,Sales,Webcam,Electronics,1,173380.77,21.29,JazzCash,Completed,4.8,3.0,12,173380.77,36912.77,136468.0
ORD10646,CUST1296,2025-08-31,,Female,Karachi,Marketing,Phone,Office,4,183423.51,0.22,Bank Transfer,Pending,2.0,9.0,3,733694.04,1614.13,732079.91
ORD10647,CUST1297,2025-09-01,36.0,Male,Peshawar,IT,Printer,Electronics,1,248857.67,15.55,Bank Transfer,Completed,4.0,2.0,9,248857.67,38697.37,210160.3
ORD10648,CUST1298,2025-09-02,61.0,Male,Islamabad,Marketing,Keyboard,Accessories,2,72234.04,1.13,EasyPaisa,Returned,3.1,12.0,2,144468.08,1632.49,142835.59
ORD10649,CUST1299,2025-09-03,56.0,Male,Islamabad,Operations,Phone,Accessories,1,134785.92,17.08,Cash,Completed,2.1,7.0,11,134785.92,23021.44,111764.48
ORD10650,CUST1300,2025-09-03,44.0,Female,Faisalabad,HR,Smartwatch,Accessories,2,133564.23,27.62,Cash,Completed,4.1,9.0,1,267128.46,73780.88,193347.58
ORD10651,CUST1301,2025-09-04,27.0,Male,Islamabad,HR,Mouse,Electronics,2,101708.49,29.05,JazzCash,Completed,3.2,6.0,0,203416.98,59092.63,144324.35
ORD10652,CUST1302,2025-09-05,43.0,Female,Karachi,HR,Smartwatch,Accessories,1,42705.89,16.22,Bank Transfer,Completed,3.6,10.0,2,42705.89,6926.9,35778.99
ORD10653,CUST1303,2025-09-06,36.0,Female,Burewala,Marketing,Printer,Electronics,6,244375.41,13.75,Cash,Returned,2.3,5.0,15,1466252.46,201609.71,1264642.75
ORD10654,CUST1304,2025-09-07,,Male,Sialkot,Finance,Monitor,Office,3,213402.64,28.35,EasyPaisa,Completed,2.9,12.0,9,640207.92,181498.95,458708.97
ORD10655,CUST1305,2025-09-08,,Female,Karachi,IT,Phone,Accessories,1,124834.09,20.21,Bank Transfer,Completed,3.5,7.0,15,124834.09,25228.97,99605.12
ORD10656,CUST1306,2025-09-09,62.0,Male,Karachi,HR,Keyboard,Accessories,5,151009.73,1.95,JazzCash,Completed,2.6,14.0,5,755048.65,14723.45,740325.2
ORD10657,CUST1307,2025-09-10,30.0,Male,Gujranwala,Operations,Phone,Accessories,6,57201.63,13.97,EasyPaisa,Completed,1.8,6.0,8,343209.78,47946.41,295263.37
ORD10658,CUST1308,2025-09-11,45.0,Male,Sialkot,Operations,Phone,Office,6,136174.87,7.21,Card,Completed,4.8,5.0,10,817049.22,58909.25,758139.97
ORD10659,CUST1309,2025-09-12,37.0,Male,Peshawar,HR,Mouse,Accessories,5,173895.05,14.09,JazzCash,Completed,3.0,14.0,4,869475.25,122509.06,746966.19
ORD10660,CUST1310,2025-09-13,45.0,Male,Islamabad,HR,Smartwatch,Electronics,3,129034.17,13.66,EasyPaisa,Returned,3.9,2.0,14,387102.51,52878.2,334224.31
ORD10661,CUST1311,2025-09-14,25.0,Female,Sialkot,IT,Webcam,Electronics,6,247576.15,17.46,Cash,Completed,2.6,8.0,2,1485456.9,259360.77,1226096.13
ORD10662,CUST1312,2025-09-15,58.0,Female,Islamabad,HR,Monitor,Accessories,2,153029.74,10.7,Card,Completed,2.4,13.0,15,306059.48,32748.36,273311.12
ORD10663,CUST1313,2025-09-16,56.0,Female,Faisalabad,IT,Mouse,Accessories,3,93057.94,4.93,JazzCash,Returned,2.6,7.0,13,279173.82,13763.27,265410.55
ORD10664,CUST1314,2025-09-17,18.0,Male,Sialkot,Operations,Headphones,Office,7,193151.93,15.11,Cash,Completed,2.6,,4,1352063.51,204296.8,1147766.71
ORD10665,CUST1315,2025-09-18,20.0,Male,Islamabad,HR,Mouse,Office,5,43030.4,24.91,Card,Completed,3.2,5.0,4,215152.0,53594.36,161557.64
ORD10666,CUST1316,2025-09-19,30.0,Male,Peshawar,Marketing,Printer,Office,3,96436.7,19.92,Bank Transfer,Completed,3.2,5.0,4,289310.1,57630.57,231679.53
ORD10667,CUST1317,2025-09-20,45.0,Female,Lahore,Marketing,Monitor,Accessories,1,87066.26,10.15,Cash,Pending,3.0,9.0,11,87066.26,8837.23,78229.03
ORD10668,CUST1318,2025-09-20,42.0,Male,Rawalpindi,Operations,Laptop,Office,3,108235.87,28.07,EasyPaisa,Completed,1.5,1.0,11,324707.61,91145.43,233562.18
ORD10669,CUST1319,2025-09-21,50.0,Female,Rawalpindi,IT,Headphones,Office,2,195554.07,27.37,JazzCash,Returned,3.0,9.0,15,391108.14,107046.3,284061.84
ORD10670,CUST1320,2025-09-22,55.0,Female,Peshawar,Marketing,Tablet,Electronics,1,121301.17,6.28,Card,Pending,1.7,6.0,6,121301.17,7617.71,113683.46
ORD10671,CUST1321,2025-09-23,23.0,Male,Gujranwala,IT,Mouse,Office,4,198606.61,1.18,Cash,Completed,1.5,4.0,4,794426.44,9374.23,785052.21
ORD10672,CUST1322,2025-09-24,61.0,Male,Lahore,Marketing,Phone,Electronics,5,144333.98,22.24,Bank Transfer,Completed,4.7,10.0,6,721669.9,160499.39,561170.51
ORD10673,CUST1323,2025-09-25,62.0,Female,Faisalabad,Marketing,Webcam,Electronics,5,85846.32,24.83,JazzCash,Completed,3.4,14.0,8,429231.6,106578.21,322653.39
ORD10674,CUST1324,2025-09-26,49.0,Male,Peshawar,IT,Laptop,Office,3,202589.7,29.04,JazzCash,Completed,3.6,7.0,4,607769.1,176496.15,431272.95
ORD10675,CUST1325,2025-09-27,62.0,Female,Rawalpindi,Finance,Mouse,Electronics,6,59953.27,26.7,Cash,Pending,2.6,9.0,1,359719.62,96045.14,263674.48
ORD10676,CUST1326,2025-09-28,64.0,Male,Rawalpindi,Marketing,Mouse,Accessories,1,56483.55,18.02,Bank Transfer,Returned,4.6,5.0,4,56483.55,10178.34,46305.21
ORD10677,CUST1327,2025-09-29,38.0,Male,Rawalpindi,HR,Keyboard,Accessories,4,126373.48,15.9,Card,Completed,3.6,14.0,7,505493.92,80373.53,425120.39
ORD10678,CUST1328,2025-09-30,33.0,Female,Multan,Operations,Keyboard,Office,1,65581.89,0.84,Cash,Completed,4.1,5.0,11,65581.89,550.89,65031.0
ORD10679,CUST1329,2025-10-01,38.0,Male,Peshawar,Finance,Laptop,Accessories,5,2767.22,7.4,Card,Completed,2.5,8.0,3,13836.1,1023.87,12812.23
ORD10680,CUST1330,2025-10-02,28.0,Female,Karachi,IT,Smartwatch,Electronics,1,162250.23,13.79,JazzCash,Completed,4.8,7.0,1,162250.23,22374.31,139875.92
ORD10681,CUST1331,2025-10-03,54.0,Male,Faisalabad,Finance,Keyboard,Accessories,4,128017.91,18.86,Card,Completed,4.3,13.0,9,512071.64,96576.71,415494.93
ORD10682,CUST1332,2025-10-04,53.0,Female,Rawalpindi,Sales,Phone,Office,6,111656.69,16.72,Bank Transfer,Completed,4.4,13.0,2,669940.14,112013.99,557926.15
ORD10683,CUST1333,2025-10-05,52.0,Female,Islamabad,Sales,Headphones,Office,3,241758.64,22.28,EasyPaisa,Completed,1.7,8.0,8,725275.92,161591.47,563684.45
ORD10684,CUST1334,2025-10-06,36.0,Male,Peshawar,Marketing,Tablet,Electronics,2,143014.2,8.39,Bank Transfer,Completed,2.1,11.0,8,286028.4,23997.78,262030.62
ORD10685,CUST1335,2025-10-06,37.0,Female,Multan,Marketing,Monitor,Office,1,215926.18,16.95,Card,Completed,2.1,12.0,7,215926.18,36599.49,179326.69
ORD10686,CUST1336,2025-10-07,35.0,Male,Peshawar,HR,Tablet,Accessories,2,35292.83,2.64,Cash,Pending,2.1,10.0,7,70585.66,1863.46,68722.2
ORD10687,CUST1337,2025-10-08,64.0,Male,Faisalabad,Operations,Tablet,Office,5,142517.01,12.41,JazzCash,Pending,4.4,2.0,7,712585.05,88431.8,624153.25
ORD10688,CUST1338,2025-10-09,58.0,Male,Multan,Finance,Monitor,Electronics,3,217060.92,22.5,EasyPaisa,Completed,1.1,9.0,7,651182.76,146516.12,504666.64
ORD10689,CUST1339,2025-10-10,31.0,Female,Faisalabad,Sales,Keyboard,Office,7,145984.89,20.8,Cash,Completed,1.3,3.0,15,1021894.23,212554.0,809340.23
ORD10690,CUST1340,2025-10-11,32.0,Female,Peshawar,Marketing,Laptop,Accessories,3,179644.54,29.72,Cash,Completed,2.1,6.0,7,538933.62,160171.07,378762.55
ORD10691,CUST1341,2025-10-12,48.0,Male,Karachi,Operations,Monitor,Electronics,1,93324.87,8.34,Bank Transfer,Completed,1.8,6.0,0,93324.87,7783.29,85541.58
ORD10692,CUST1342,2025-10-13,18.0,Male,Faisalabad,Finance,Printer,Accessories,6,23566.15,14.95,Card,Completed,1.9,2.0,5,141396.9,21138.84,120258.06
ORD10693,CUST1343,2025-10-14,20.0,Female,Multan,Marketing,Smartwatch,Electronics,3,114746.12,9.89,Bank Transfer,Pending,4.2,12.0,11,344238.36,34045.17,310193.19
ORD10694,CUST1344,2025-10-15,33.0,Male,Multan,Marketing,Headphones,Office,1,98922.61,13.22,Card,Completed,3.3,13.0,8,98922.61,13077.57,85845.04
ORD10695,CUST1345,2025-10-16,40.0,Male,Faisalabad,Sales,Webcam,Electronics,1,216831.52,25.71,Bank Transfer,Completed,1.0,7.0,7,216831.52,55747.38,161084.14
ORD10696,CUST1346,2025-10-17,,Female,Burewala,Sales,Keyboard,Electronics,2,61376.83,20.53,Cash,Completed,2.7,9.0,2,122753.66,25201.33,97552.33
ORD10697,CUST1347,2025-10-18,29.0,Male,Peshawar,Marketing,Smartwatch,Office,3,241700.19,26.47,JazzCash,Completed,2.6,12.0,10,725100.57,191934.12,533166.45
ORD10698,CUST1348,2025-10-19,27.0,Female,Burewala,IT,Monitor,Accessories,1,239555.46,6.11,Card,Completed,1.5,10.0,0,239555.46,14636.84,224918.62
ORD10699,CUST1349,2025-10-20,49.0,Male,Gujranwala,Marketing,Printer,Office,2,62284.09,26.2,EasyPaisa,Returned,3.7,11.0,1,124568.18,32636.86,91931.32
ORD10700,CUST1350,2025-10-21,33.0,Female,Peshawar,Operations,Webcam,Electronics,4,87338.96,1.79,EasyPaisa,Completed,3.8,1.0,10,349355.84,6253.47,343102.37
ORD10701,CUST1001,2025-10-22,25.0,Male,Faisalabad,Marketing,Headphones,Office,7,223941.16,26.66,Cash,Completed,3.9,8.0,14,1567588.12,417918.99,1149669.13
ORD10702,CUST1002,2025-10-23,55.0,Male,Lahore,HR,Headphones,Electronics,2,241672.24,9.87,Bank Transfer,Completed,3.9,2.0,1,483344.48,47706.1,435638.38
ORD10703,CUST1003,2025-10-23,29.0,Female,Faisalabad,HR,Keyboard,Office,2,111138.06,9.44,Bank Transfer,Returned,1.0,14.0,6,222276.12,20982.87,201293.25
ORD10704,CUST1004,2025-10-24,41.0,Male,Burewala,HR,Monitor,Office,1,80588.76,15.36,Cash,Completed,4.8,1.0,11,80588.76,12378.43,68210.33
ORD10705,CUST1005,2025-10-25,45.0,Female,Karachi,IT,Smartwatch,Accessories,5,131760.46,28.22,EasyPaisa,Completed,4.3,8.0,5,658802.3,185914.01,472888.29
ORD10706,CUST1006,2025-10-26,25.0,Male,Faisalabad,IT,Laptop,Electronics,5,172098.42,1.43,EasyPaisa,Cancelled,4.6,2.0,10,860492.1,12305.04,848187.06
ORD10707,CUST1007,2025-10-27,45.0,Female,Faisalabad,Marketing,Smartwatch,Accessories,6,68731.89,10.57,Bank Transfer,Completed,1.1,6.0,1,412391.34,43589.76,368801.58
ORD10708,CUST1008,2025-10-28,53.0,Female,Karachi,HR,Smartwatch,Electronics,5,184250.06,25.7,Card,Completed,4.7,6.0,7,921250.3,236761.33,684488.97
ORD10709,CUST1009,2025-10-29,43.0,Female,Faisalabad,IT,Headphones,Office,2,13388.51,11.88,JazzCash,Completed,4.2,5.0,14,26777.02,3181.11,23595.91
ORD10710,CUST1010,2025-10-30,25.0,Female,Rawalpindi,Sales,Laptop,Electronics,6,12798.98,5.97,Card,Completed,4.3,8.0,8,76793.88,4584.59,72209.29
ORD10711,CUST1011,2025-10-31,45.0,Male,Lahore,Marketing,Laptop,Accessories,1,96878.78,12.74,EasyPaisa,Completed,1.4,3.0,14,96878.78,12342.36,84536.42
ORD10712,CUST1012,2025-11-01,45.0,Male,Islamabad,Operations,Keyboard,Accessories,3,88691.56,11.57,Card,Completed,4.0,13.0,6,266074.68,30784.84,235289.84
ORD10713,CUST1013,2025-11-02,54.0,Female,Lahore,Finance,Webcam,Accessories,7,79250.49,27.46,JazzCash,Completed,4.8,10.0,3,554753.43,152335.29,402418.14
ORD10714,CUST1014,2025-11-03,58.0,Female,Faisalabad,Marketing,Mouse,Electronics,7,123009.43,22.86,Card,Completed,3.7,4.0,12,861066.01,196839.69,664226.32
ORD10715,CUST1015,2025-11-04,53.0,Female,Rawalpindi,Finance,Tablet,Accessories,2,80523.03,15.15,Card,Completed,3.3,7.0,12,161046.06,24398.48,136647.58
ORD10716,CUST1016,2025-11-05,44.0,Male,Peshawar,HR,Tablet,Accessories,2,48468.35,29.65,Card,Completed,4.8,7.0,0,96936.7,28741.73,68194.97
ORD10717,CUST1017,2025-11-06,34.0,Male,Faisalabad,Finance,Headphones,Accessories,6,77712.65,13.96,Card,Completed,2.8,13.0,3,466275.9,65092.12,401183.78
ORD10718,CUST1018,2025-11-07,26.0,Male,Burewala,HR,Mouse,Office,1,243738.62,1.75,Cash,Returned,3.4,12.0,3,243738.62,4265.43,239473.19
ORD10719,CUST1019,2025-11-08,50.0,Male,Rawalpindi,Sales,Webcam,Office,4,103072.8,7.87,EasyPaisa,Completed,2.9,14.0,7,412291.2,32447.32,379843.88
ORD10720,CUST1020,2025-11-08,37.0,Female,Karachi,Finance,Mouse,Electronics,2,111455.84,13.08,JazzCash,Completed,4.7,8.0,3,222911.68,29156.85,193754.83
ORD10721,CUST1021,2025-11-09,,Female,Rawalpindi,Marketing,Keyboard,Electronics,4,144347.97,4.71,EasyPaisa,Completed,1.3,2.0,3,577391.88,27195.16,550196.72
ORD10722,CUST1022,2025-11-10,45.0,Female,Karachi,HR,Smartwatch,Accessories,4,245843.52,28.43,Cash,Completed,3.0,11.0,12,983374.08,279573.25,703800.83
ORD10723,CUST1023,2025-11-11,65.0,Male,Gujranwala,Marketing,Headphones,Office,5,60779.52,23.01,Cash,Completed,3.7,12.0,1,303897.6,69926.84,233970.76
ORD10724,CUST1024,2025-11-12,46.0,Male,Islamabad,IT,Laptop,Accessories,1,170479.89,8.05,Cash,Completed,4.2,2.0,11,170479.89,13723.63,156756.26
ORD10725,CUST1025,2025-11-13,30.0,Male,Sialkot,HR,Headphones,Accessories,7,179138.18,17.72,Cash,Completed,3.3,4.0,9,1253967.26,222203.0,1031764.26
ORD10726,CUST1026,2025-11-14,63.0,Female,Rawalpindi,Finance,Tablet,Office,7,152027.44,21.64,Card,Completed,4.6,13.0,6,1064192.08,230291.17,833900.91
ORD10727,CUST1027,2025-11-15,52.0,Female,Multan,HR,Webcam,Office,4,22600.3,28.24,EasyPaisa,Pending,4.8,10.0,14,90401.2,25529.3,64871.9
ORD10728,CUST1028,2025-11-16,23.0,Male,Burewala,Marketing,Mouse,Office,7,169379.63,26.45,Bank Transfer,Completed,1.3,,3,1185657.41,313606.38,872051.03
ORD10729,CUST1029,2025-11-17,35.0,Female,Faisalabad,Sales,Webcam,Electronics,1,16491.63,15.46,JazzCash,Completed,2.6,9.0,10,16491.63,2549.61,13942.02
ORD10730,CUST1030,2025-11-18,22.0,Male,Burewala,HR,Keyboard,Electronics,5,149237.59,23.24,Cash,Completed,1.1,10.0,5,746187.95,173414.08,572773.87
ORD10731,CUST1031,2025-11-19,64.0,Male,Lahore,Finance,Headphones,Accessories,1,185025.5,16.86,EasyPaisa,Completed,2.3,12.0,2,185025.5,31195.3,153830.2
ORD10732,CUST1032,2025-11-20,42.0,Female,Sialkot,IT,Monitor,Electronics,2,53136.99,16.58,Cash,Completed,3.1,9.0,6,106273.98,17620.23,88653.75
ORD10733,CUST1033,2025-11-21,19.0,Male,Lahore,Operations,Headphones,Office,4,210484.69,3.44,Cash,Completed,4.6,13.0,5,841938.76,28962.69,812976.07
ORD10734,CUST1034,2025-11-22,27.0,Female,Gujranwala,Sales,Laptop,Office,1,8073.27,3.78,Cash,Completed,4.4,13.0,2,8073.27,305.17,7768.1
ORD10735,CUST1035,2025-11-23,47.0,Male,Sialkot,IT,Headphones,Electronics,7,211031.31,15.89,Cash,Pending,1.5,4.0,3,1477219.17,234730.13,1242489.04
ORD10736,CUST1036,2025-11-24,62.0,Female,Sialkot,HR,Printer,Accessories,3,115352.1,8.07,Cash,Cancelled,1.4,9.0,9,346056.3,27926.74,318129.56
ORD10737,CUST1037,2025-11-25,22.0,Female,Lahore,Marketing,Keyboard,Accessories,1,54788.19,0.63,JazzCash,Completed,3.4,14.0,13,54788.19,345.17,54443.02
ORD10738,CUST1038,2025-11-25,50.0,Female,Karachi,Marketing,Phone,Electronics,4,33877.65,21.69,EasyPaisa,Completed,3.1,3.0,4,135510.6,29392.25,106118.35
ORD10739,CUST1039,2025-11-26,18.0,Male,Lahore,Finance,Keyboard,Accessories,5,238350.14,0.97,Cash,Cancelled,2.1,12.0,8,1191750.7,11559.98,1180190.72
ORD10740,CUST1040,2025-11-27,35.0,Male,Burewala,Marketing,Mouse,Accessories,7,18630.06,17.86,Cash,Completed,4.6,5.0,13,130410.42,23291.3,107119.12
ORD10741,CUST1041,2025-11-28,49.0,Female,Karachi,Sales,Phone,Accessories,5,50173.81,16.18,Cash,Completed,4.7,10.0,5,250869.05,40590.61,210278.44
ORD10742,CUST1042,2025-11-29,64.0,Female,Burewala,Marketing,Mouse,Office,4,87281.68,29.06,Cash,Completed,2.6,9.0,12,349126.72,101456.22,247670.5
ORD10743,CUST1043,2025-11-30,28.0,Male,Gujranwala,Finance,Mouse,Office,7,155248.59,14.53,Card,Completed,4.6,6.0,3,1086740.13,157903.34,928836.79
ORD10744,CUST1044,2025-12-01,38.0,Male,Faisalabad,Operations,Laptop,Electronics,2,136427.87,1.91,Card,Completed,2.5,3.0,10,272855.74,5211.54,267644.2
ORD10745,CUST1045,2025-12-02,43.0,Male,Peshawar,HR,Laptop,Office,7,31848.05,16.55,Bank Transfer,Completed,3.9,10.0,10,222936.35,36895.97,186040.38
ORD10746,CUST1046,2025-12-03,42.0,Female,Karachi,HR,Smartwatch,Accessories,2,72787.13,25.23,Cash,Completed,2.9,,6,145574.26,36728.39,108845.87
ORD10747,CUST1047,2025-12-04,39.0,Male,Gujranwala,Marketing,Tablet,Office,5,60068.57,29.91,Bank Transfer,Completed,1.5,6.0,1,300342.85,89832.55,210510.3
ORD10748,CUST1048,2025-12-05,44.0,Male,Multan,IT,Smartwatch,Electronics,5,53778.94,12.91,JazzCash,Pending,4.7,4.0,3,268894.7,34714.31,234180.39
ORD10749,CUST1049,2025-12-06,,Female,Gujranwala,HR,Smartwatch,Office,4,103080.51,9.61,Bank Transfer,Completed,2.8,14.0,4,412322.04,39624.15,372697.89
ORD10750,CUST1050,2025-12-07,50.0,Male,Lahore,Operations,Tablet,Accessories,2,176155.85,27.2,EasyPaisa,Completed,3.9,4.0,3,352311.7,95828.78,256482.92
ORD10751,CUST1051,2025-12-08,51.0,Male,Lahore,Marketing,Monitor,Accessories,5,54754.51,5.74,Card,Completed,2.5,8.0,3,273772.55,15714.54,258058.01
ORD10752,CUST1052,2025-12-09,58.0,Male,Peshawar,Finance,Phone,Electronics,2,91986.38,18.46,Card,Completed,1.1,7.0,10,183972.76,33961.37,150011.39
ORD10753,CUST1053,2025-12-10,52.0,Female,Gujranwala,Operations,Webcam,Office,5,98033.9,12.17,Cash,Pending,1.4,1.0,12,490169.5,59653.63,430515.87
ORD10754,CUST1054,2025-12-11,18.0,Female,Islamabad,Marketing,Smartwatch,Office,7,244125.9,1.23,Cash,Completed,3.0,6.0,15,1708881.3,21019.24,1687862.06
ORD10755,CUST1055,2025-12-11,38.0,Female,Faisalabad,Operations,Headphones,Office,1,238689.26,10.42,JazzCash,Completed,3.8,8.0,8,238689.26,24871.42,213817.84
ORD10756,CUST1056,2025-12-12,65.0,Female,Lahore,HR,Headphones,Accessories,3,200134.33,7.96,JazzCash,Completed,2.3,3.0,13,600402.99,47792.08,552610.91
ORD10757,CUST1057,2025-12-13,23.0,Female,Peshawar,Finance,Mouse,Electronics,7,60793.9,20.58,EasyPaisa,Completed,3.8,14.0,10,425557.3,87579.69,337977.61
ORD10758,CUST1058,2025-12-14,45.0,Female,Faisalabad,Marketing,Tablet,Office,6,17475.31,28.46,Cash,Completed,3.8,9.0,12,104851.86,29840.84,75011.02
ORD10759,CUST1059,2025-12-15,34.0,Female,Gujranwala,Sales,Mouse,Accessories,1,79567.58,8.04,Cash,Completed,3.8,10.0,1,79567.58,6397.23,73170.35
ORD10760,CUST1060,2025-12-16,22.0,Male,Gujranwala,Finance,Printer,Accessories,6,67065.24,24.34,JazzCash,Completed,3.0,2.0,5,402391.44,97942.08,304449.36
ORD10761,CUST1061,2025-12-17,48.0,Male,Sialkot,Sales,Printer,Accessories,5,126728.49,1.66,JazzCash,Completed,4.7,14.0,13,633642.45,10518.46,623123.99
ORD10762,CUST1062,2025-12-18,22.0,Female,Peshawar,Operations,Webcam,Office,3,194543.11,16.14,JazzCash,Completed,3.0,6.0,7,583629.33,94197.77,489431.56
ORD10763,CUST1063,2025-12-19,55.0,Male,Lahore,IT,Laptop,Office,3,214651.57,2.12,Card,Completed,2.8,12.0,7,643954.71,13651.84,630302.87
ORD10764,CUST1064,2025-12-20,20.0,Male,Islamabad,Finance,Laptop,Office,5,211293.59,28.02,Bank Transfer,Cancelled,1.8,1.0,10,1056467.95,296022.32,760445.63
ORD10765,CUST1065,2025-12-21,40.0,Female,Gujranwala,Operations,Tablet,Office,5,90239.05,22.99,Bank Transfer,Pending,2.2,12.0,6,451195.25,103729.79,347465.46
ORD10766,CUST1066,2025-12-22,54.0,Male,Islamabad,Sales,Tablet,Office,2,171964.97,19.74,Cash,Returned,1.2,11.0,9,343929.94,67891.77,276038.17
ORD10767,CUST1067,2025-12-23,,Male,Gujranwala,HR,Smartwatch,Office,5,78552.13,24.72,Card,Returned,3.5,2.0,10,392760.65,97090.43,295670.22
ORD10768,CUST1068,2025-12-24,27.0,Male,Lahore,HR,Printer,Office,4,15695.93,19.43,JazzCash,Completed,2.0,13.0,3,62783.72,12198.88,50584.84
ORD10769,CUST1069,2025-12-25,27.0,Male,Faisalabad,IT,Smartwatch,Office,5,175540.53,29.07,Cash,Completed,2.2,5.0,6,877702.65,255148.16,622554.49
ORD10770,CUST1070,2025-12-26,36.0,Male,Rawalpindi,Finance,Laptop,Office,4,2951.97,21.42,Card,Completed,4.1,1.0,12,11807.88,2529.25,9278.63
ORD10771,CUST1071,2025-12-27,34.0,Female,Faisalabad,Finance,Phone,Accessories,5,102591.06,27.74,EasyPaisa,Cancelled,2.3,8.0,15,512955.3,142293.8,370661.5
ORD10772,CUST1072,2025-12-28,38.0,Female,Gujranwala,Finance,Phone,Office,2,82680.13,15.51,Card,Completed,2.0,1.0,9,165360.26,25647.38,139712.88
ORD10773,CUST1073,2025-12-28,31.0,Female,Burewala,Operations,Tablet,Electronics,4,173497.7,3.51,Cash,Returned,1.7,13.0,5,693990.8,24359.08,669631.72
ORD10774,CUST1074,2025-12-29,26.0,Male,Rawalpindi,IT,Mouse,Accessories,1,191678.25,15.85,Bank Transfer,Completed,4.1,9.0,10,191678.25,30381.0,161297.25
ORD10775,CUST1075,2025-12-30,63.0,Female,Rawalpindi,Finance,Laptop,Office,4,76371.61,3.81,JazzCash,Pending,1.5,10.0,15,305486.44,11639.03,293847.41
ORD10776,CUST1076,2025-12-31,18.0,Male,Islamabad,Operations,Phone,Electronics,7,203000.94,17.77,EasyPaisa,Completed,2.8,11.0,5,1421006.58,252512.87,1168493.71
ORD10777,CUST1077,2026-01-01,62.0,Male,Peshawar,HR,Laptop,Office,2,73832.23,14.47,Card,Completed,3.0,3.0,1,147664.46,21367.05,126297.41
ORD10778,CUST1078,2026-01-02,30.0,Male,Islamabad,Sales,Keyboard,Electronics,6,111858.43,18.68,Cash,Pending,3.7,12.0,7,671150.58,125370.93,545779.65
ORD10779,CUST1079,2026-01-03,21.0,Male,Islamabad,Operations,Headphones,Electronics,4,181891.12,0.3,Cash,Completed,3.5,2.0,7,727564.48,2182.69,725381.79
ORD10780,CUST1080,2026-01-04,18.0,Female,Burewala,HR,Printer,Electronics,7,173383.6,5.85,JazzCash,Pending,4.2,1.0,13,1213685.2,71000.58,1142684.62
ORD10781,CUST1081,2026-01-05,57.0,Female,Faisalabad,HR,Smartwatch,Electronics,7,246848.43,14.74,Cash,Completed,1.2,9.0,10,1727939.01,254698.21,1473240.8
ORD10782,CUST1082,2026-01-06,49.0,Male,Faisalabad,Sales,Laptop,Accessories,7,56677.68,28.52,Cash,Completed,2.2,4.0,6,396743.76,113151.32,283592.44
ORD10783,CUST1083,2026-01-07,51.0,Female,Multan,HR,Headphones,Accessories,5,165748.32,11.51,JazzCash,Completed,2.1,12.0,10,828741.6,95388.16,733353.44
ORD10784,CUST1084,2026-01-08,45.0,Male,Gujranwala,IT,Keyboard,Electronics,7,152615.64,12.73,EasyPaisa,Completed,1.6,1.0,8,1068309.48,135995.8,932313.68
ORD10785,CUST1085,2026-01-09,48.0,Female,Burewala,Sales,Smartwatch,Office,5,228817.06,21.44,Bank Transfer,Completed,2.2,1.0,7,1144085.3,245291.89,898793.41
ORD10786,CUST1086,2026-01-10,25.0,Female,Multan,HR,Laptop,Electronics,6,39512.35,18.11,Bank Transfer,Completed,2.2,7.0,13,237074.1,42934.12,194139.98
ORD10787,CUST1087,2026-01-11,56.0,Male,Lahore,Marketing,Tablet,Accessories,2,188073.64,8.97,Card,Completed,3.1,2.0,8,376147.28,33740.41,342406.87
ORD10788,CUST1088,2026-01-12,43.0,Female,Gujranwala,Operations,Headphones,Office,3,142283.02,12.32,EasyPaisa,Completed,3.7,7.0,14,426849.06,52587.8,374261.26
ORD10789,CUST1089,2026-01-13,51.0,Male,Gujranwala,HR,Smartwatch,Accessories,5,69029.13,6.53,Card,Completed,2.5,12.0,8,345145.65,22538.01,322607.64
ORD10790,CUST1090,2026-01-13,20.0,Female,Sialkot,IT,Laptop,Accessories,7,118871.51,28.98,Bank Transfer,Completed,3.9,7.0,5,832100.57,241142.75,590957.82
ORD10791,CUST1091,2026-01-14,29.0,Male,Sialkot,Finance,Headphones,Office,7,83777.26,3.92,JazzCash,Pending,2.3,10.0,1,586440.82,22988.48,563452.34
ORD10792,CUST1092,2026-01-15,18.0,Male,Karachi,HR,Keyboard,Electronics,1,145038.69,11.16,Cash,Completed,2.2,14.0,11,145038.69,16186.32,128852.37
ORD10793,CUST1093,2026-01-16,61.0,Female,Karachi,Finance,Laptop,Electronics,7,222305.65,0.78,Bank Transfer,Completed,3.2,9.0,6,1556139.55,12137.89,1544001.66
ORD10794,CUST1094,2026-01-17,22.0,Female,Islamabad,Marketing,Laptop,Electronics,2,142541.59,6.65,EasyPaisa,Completed,1.1,13.0,2,285083.18,18958.03,266125.15
ORD10795,CUST1095,2026-01-18,47.0,Male,Lahore,HR,Laptop,Electronics,4,158114.74,23.41,Bank Transfer,Completed,1.3,7.0,12,632458.96,148058.64,484400.32
ORD10796,CUST1096,2026-01-19,47.0,Female,Rawalpindi,Sales,Webcam,Office,4,129927.59,6.04,EasyPaisa,Completed,2.7,13.0,6,519710.36,31390.51,488319.85
ORD10797,CUST1097,2026-01-20,34.0,Female,Rawalpindi,Finance,Tablet,Office,7,13265.79,2.4,EasyPaisa,Returned,4.8,14.0,8,92860.53,2228.65,90631.88
ORD10798,CUST1098,2026-01-21,,Male,Sialkot,Marketing,Keyboard,Office,1,58598.21,14.23,EasyPaisa,Cancelled,,1.0,9,58598.21,8338.53,50259.68
ORD10799,CUST1099,2026-01-22,64.0,Male,Sialkot,Sales,Smartwatch,Accessories,5,123254.43,0.3,Card,Completed,1.4,12.0,13,616272.15,1848.82,614423.33
ORD10800,CUST1100,2026-01-23,40.0,Female,Sialkot,Sales,Webcam,Office,2,77903.7,2.54,JazzCash,Completed,4.4,13.0,9,155807.4,3957.51,151849.89
ORD10801,CUST1101,2026-01-24,32.0,Male,Burewala,Sales,Mouse,Electronics,1,45850.02,24.23,Bank Transfer,Cancelled,3.9,8.0,1,45850.02,11109.46,34740.56
ORD10802,CUST1102,2026-01-25,54.0,Male,Peshawar,Sales,Webcam,Accessories,5,126281.14,23.14,JazzCash,Completed,3.4,,13,631405.7,146107.28,485298.42
ORD10803,CUST1103,2026-01-26,38.0,Male,Karachi,HR,Printer,Electronics,2,81041.04,27.45,Cash,Completed,4.3,4.0,12,162082.08,44491.53,117590.55
ORD10804,CUST1104,2026-01-27,31.0,Female,Burewala,Operations,Printer,Electronics,7,64897.86,25.64,Bank Transfer,Completed,2.6,13.0,5,454285.02,116478.68,337806.34
ORD10805,CUST1105,2026-01-28,19.0,Female,Faisalabad,HR,Laptop,Office,4,116264.36,20.5,JazzCash,Completed,1.9,8.0,12,465057.44,95336.78,369720.66
ORD10806,CUST1106,2026-01-29,28.0,Male,Rawalpindi,HR,Webcam,Office,2,33754.42,1.57,JazzCash,Returned,3.0,4.0,5,67508.84,1059.89,66448.95
ORD10807,CUST1107,2026-01-30,56.0,Female,Gujranwala,Marketing,Mouse,Electronics,7,231972.56,23.49,Cash,Completed,3.2,8.0,8,1623807.92,381432.48,1242375.44
ORD10808,CUST1108,2026-01-30,55.0,Male,Karachi,Marketing,Webcam,Electronics,6,216991.67,25.37,EasyPaisa,Completed,3.2,5.0,12,1301950.02,330304.72,971645.3
ORD10809,CUST1109,2026-01-31,51.0,Female,Multan,Operations,Tablet,Accessories,3,177051.34,23.97,Bank Transfer,Completed,3.3,4.0,8,531154.02,127317.62,403836.4
ORD10810,CUST1110,2026-02-01,55.0,Male,Faisalabad,Marketing,Tablet,Office,2,27000.35,15.25,Bank Transfer,Pending,4.8,6.0,14,54000.7,8235.11,45765.59
ORD10811,CUST1111,2026-02-02,51.0,Male,Karachi,IT,Mouse,Accessories,3,194081.37,6.99,Cash,Cancelled,4.6,2.0,12,582244.11,40698.86,541545.25
ORD10812,CUST1112,2026-02-03,35.0,Female,Burewala,Operations,Webcam,Accessories,2,202085.35,25.36,EasyPaisa,Completed,4.5,12.0,4,404170.7,102497.69,301673.01
ORD10813,CUST1113,2026-02-04,47.0,Male,Lahore,Marketing,Headphones,Accessories,3,192057.27,21.81,Bank Transfer,Completed,,2.0,13,576171.81,125663.07,450508.74
ORD10814,CUST1114,2026-02-05,32.0,Female,Gujranwala,Operations,Tablet,Electronics,6,28934.49,29.42,Bank Transfer,Completed,4.8,2.0,4,173606.94,51075.16,122531.78
ORD10815,CUST1115,2026-02-06,44.0,Female,Karachi,HR,Tablet,Accessories,4,161155.04,4.67,Bank Transfer,Pending,1.4,9.0,8,644620.16,30103.76,614516.4
ORD10816,CUST1116,2026-02-07,51.0,Male,Peshawar,HR,Phone,Accessories,5,208664.04,6.77,EasyPaisa,Pending,2.1,14.0,7,1043320.2,70632.78,972687.42
ORD10817,CUST1117,2026-02-08,55.0,Male,Sialkot,Operations,Webcam,Electronics,3,144549.67,6.35,Cash,Completed,3.0,10.0,6,433649.01,27536.71,406112.3
ORD10818,CUST1118,2026-02-09,50.0,Female,Sialkot,IT,Tablet,Office,6,161778.64,23.78,Bank Transfer,Completed,4.4,3.0,7,970671.84,230825.76,739846.08
ORD10819,CUST1119,2026-02-10,41.0,Male,Gujranwala,IT,Keyboard,Office,3,114861.69,5.61,JazzCash,Completed,3.0,10.0,5,344585.07,19331.22,325253.85
ORD10820,CUST1120,2026-02-11,32.0,Male,Burewala,Operations,Webcam,Accessories,4,132412.48,2.0,EasyPaisa,Completed,4.0,4.0,2,529649.92,10593.0,519056.92
ORD10821,CUST1121,2026-02-12,47.0,Male,Sialkot,Marketing,Printer,Electronics,3,9077.03,29.96,Card,Completed,1.6,10.0,6,27231.09,8158.43,19072.66
ORD10822,CUST1122,2026-02-13,59.0,Male,Karachi,Finance,Phone,Office,6,159921.27,0.74,Cash,Completed,2.0,12.0,7,959527.62,7100.5,952427.12
ORD10823,CUST1123,2026-02-14,34.0,Male,Multan,IT,Tablet,Accessories,7,20821.08,25.06,JazzCash,Completed,3.9,8.0,14,145747.56,36524.34,109223.22
ORD10824,CUST1124,2026-02-15,22.0,Female,Rawalpindi,Sales,Phone,Accessories,6,109036.14,10.96,Bank Transfer,Completed,1.7,4.0,7,654216.84,71702.17,582514.67
ORD10825,CUST1125,2026-02-15,46.0,Female,Rawalpindi,HR,Printer,Electronics,1,73517.45,25.25,Card,Completed,2.4,11.0,0,73517.45,18563.16,54954.29
ORD10826,CUST1126,2026-02-16,21.0,Male,Faisalabad,Operations,Mouse,Accessories,4,136584.27,16.64,Cash,Completed,2.1,10.0,15,546337.08,90910.49,455426.59
ORD10827,CUST1127,2026-02-17,27.0,Male,Islamabad,Sales,Mouse,Office,7,33787.38,27.05,EasyPaisa,Completed,2.4,10.0,6,236511.66,63976.4,172535.26
ORD10828,CUST1128,2026-02-18,34.0,Male,Lahore,Operations,Webcam,Electronics,1,173065.03,27.79,Card,Completed,3.8,13.0,2,173065.03,48094.77,124970.26
ORD10829,CUST1129,2026-02-19,27.0,Female,Gujranwala,HR,Printer,Office,4,198855.38,0.27,Card,Completed,2.5,7.0,1,795421.52,2147.64,793273.88
ORD10830,CUST1130,2026-02-20,34.0,Male,Faisalabad,HR,Monitor,Office,7,41256.94,2.26,JazzCash,Completed,3.2,5.0,13,288798.58,6526.85,282271.73
ORD10831,CUST1131,2026-02-21,37.0,Female,Islamabad,IT,Monitor,Office,3,26526.12,7.51,Cash,Completed,1.4,9.0,1,79578.36,5976.33,73602.03
ORD10832,CUST1132,2026-02-22,41.0,Female,Burewala,IT,Webcam,Accessories,7,36806.11,20.08,JazzCash,Cancelled,4.2,4.0,13,257642.77,51734.67,205908.1
ORD10833,CUST1133,2026-02-23,22.0,Female,Peshawar,Sales,Laptop,Accessories,6,219343.33,26.65,JazzCash,Pending,2.5,3.0,14,1316059.98,350729.98,965330.0
ORD10834,CUST1134,2026-02-24,51.0,Male,Peshawar,Operations,Phone,Office,1,132283.22,13.8,Bank Transfer,Cancelled,3.6,13.0,13,132283.22,18255.08,114028.14
ORD10835,CUST1135,2026-02-25,23.0,Female,Lahore,HR,Phone,Office,3,117081.62,,EasyPaisa,Completed,3.9,2.0,7,351244.86,63961.69,287283.17
ORD10836,CUST1136,2026-02-26,19.0,Male,Sialkot,Sales,Mouse,Electronics,6,27124.6,5.65,Card,Completed,1.8,1.0,8,162747.6,9195.24,153552.36
ORD10837,CUST1137,2026-02-27,30.0,Female,Karachi,Finance,Monitor,Electronics,4,162564.22,24.15,Cash,Completed,4.5,11.0,2,650256.88,157037.04,493219.84
ORD10838,CUST1138,2026-02-28,60.0,Male,Faisalabad,Sales,Smartwatch,Accessories,7,217065.9,29.02,EasyPaisa,Completed,3.5,6.0,13,1519461.3,440947.67,1078513.63
ORD10839,CUST1139,2026-03-01,60.0,Female,Faisalabad,Marketing,Tablet,Accessories,6,207132.37,8.06,EasyPaisa,Completed,2.7,10.0,2,1242794.22,100169.21,1142625.01
ORD10840,CUST1140,2026-03-02,65.0,Male,Gujranwala,Sales,Tablet,Electronics,3,156700.65,14.84,Cash,Completed,1.7,2.0,5,470101.95,69763.13,400338.82
ORD10841,CUST1141,2026-03-03,28.0,Female,Gujranwala,Marketing,Tablet,Office,1,19282.04,2.58,EasyPaisa,Pending,4.8,8.0,10,19282.04,497.48,18784.56
ORD10842,CUST1142,2026-03-04,64.0,Male,Peshawar,Marketing,Mouse,Accessories,1,28543.06,16.77,Bank Transfer,Completed,4.0,6.0,9,28543.06,4786.67,23756.39
ORD10843,CUST1143,2026-03-04,40.0,Male,Peshawar,Marketing,Printer,Office,7,12802.59,15.08,EasyPaisa,Cancelled,1.8,12.0,0,89618.13,13514.41,76103.72
ORD10844,CUST1144,2026-03-05,33.0,Male,Multan,Finance,Headphones,Electronics,6,64741.06,4.33,Bank Transfer,Cancelled,2.4,12.0,5,388446.36,16819.73,371626.63
ORD10845,CUST1145,2026-03-06,48.0,Male,Multan,Sales,Monitor,Accessories,3,34347.54,13.26,Card,Completed,4.2,5.0,11,103042.62,13663.45,89379.17
ORD10846,CUST1146,2026-03-07,28.0,Female,Sialkot,Sales,Monitor,Accessories,2,65381.99,10.02,Card,Pending,3.8,13.0,2,130763.98,13102.55,117661.43
ORD10847,CUST1147,2026-03-08,33.0,Female,Multan,Finance,Smartwatch,Electronics,4,96571.98,15.65,JazzCash,Completed,4.1,2.0,10,386287.92,60454.06,325833.86
ORD10848,CUST1148,2026-03-09,25.0,Male,Karachi,HR,Phone,Accessories,4,235774.2,17.57,Bank Transfer,Pending,2.8,7.0,15,943096.8,165702.11,777394.69
ORD10849,CUST1149,2026-03-10,21.0,Female,Karachi,IT,Laptop,Electronics,3,152788.83,0.25,Card,Completed,3.9,2.0,3,458366.49,1145.92,457220.57
ORD10850,CUST1150,2026-03-11,57.0,Male,Faisalabad,Sales,Webcam,Accessories,2,208825.96,22.83,EasyPaisa,Pending,2.5,13.0,8,417651.92,95349.93,322301.99
ORD10851,CUST1151,2026-03-12,21.0,Male,Rawalpindi,IT,Phone,Electronics,1,177732.7,,Cash,Completed,1.8,,2,177732.7,38017.02,139715.68
ORD10852,CUST1152,2026-03-13,42.0,Female,Karachi,Operations,Printer,Accessories,7,28569.53,10.99,Cash,Returned,3.5,5.0,0,199986.71,21978.54,178008.17
ORD10853,CUST1153,2026-03-14,20.0,Male,Islamabad,Operations,Webcam,Office,5,184112.14,1.59,Bank Transfer,Completed,4.9,2.0,2,920560.7,14636.92,905923.78
ORD10854,CUST1154,2026-03-15,49.0,Male,Peshawar,Finance,Monitor,Office,5,69137.17,22.65,JazzCash,Completed,2.2,11.0,6,345685.85,78297.85,267388.0
ORD10855,CUST1155,2026-03-16,20.0,Female,Gujranwala,Operations,Printer,Office,7,159957.41,28.66,EasyPaisa,Pending,2.8,10.0,12,1119701.87,320906.56,798795.31
ORD10856,CUST1156,2026-03-17,44.0,Male,Multan,Operations,Webcam,Accessories,3,85570.01,7.2,Bank Transfer,Pending,3.7,11.0,6,256710.03,18483.12,238226.91
ORD10857,CUST1157,2026-03-18,46.0,Male,Faisalabad,HR,Smartwatch,Accessories,2,249419.23,9.71,Cash,Completed,3.2,11.0,10,498838.46,48437.21,450401.25
ORD10858,CUST1158,2026-03-19,49.0,Male,Lahore,HR,Smartwatch,Office,2,66256.09,5.51,Bank Transfer,Completed,4.4,2.0,4,132512.18,7301.42,125210.76
ORD10859,CUST1159,2026-03-20,36.0,Male,Gujranwala,HR,Keyboard,Office,4,70143.05,17.31,EasyPaisa,Completed,4.0,7.0,13,280572.2,48567.05,232005.15
ORD10860,CUST1160,2026-03-20,38.0,Female,Islamabad,Operations,Headphones,Electronics,1,232702.73,4.65,Card,Returned,1.2,,0,232702.73,10820.68,221882.05
ORD10861,CUST1161,2026-03-21,22.0,Female,Multan,Finance,Smartwatch,Electronics,6,6648.78,10.69,EasyPaisa,Pending,5.0,5.0,10,39892.68,4264.53,35628.15
ORD10862,CUST1162,2026-03-22,35.0,Female,Islamabad,Marketing,Monitor,Electronics,2,174323.9,20.91,Card,Pending,4.0,7.0,7,348647.8,72902.25,275745.55
ORD10863,CUST1163,2026-03-23,45.0,Male,Peshawar,Marketing,Laptop,Office,7,181468.93,16.8,Card,Completed,4.5,4.0,9,1270282.51,213407.46,1056875.05
ORD10864,CUST1164,2026-03-24,59.0,Male,Peshawar,IT,Tablet,Office,6,209176.46,11.59,Card,Completed,3.6,2.0,7,1255058.76,145461.31,1109597.45
ORD10865,CUST1165,2026-03-25,39.0,Female,Sialkot,Marketing,Keyboard,Office,5,243622.61,12.61,Bank Transfer,Completed,4.4,3.0,9,1218113.05,153604.06,1064508.99
ORD10866,CUST1166,2026-03-26,,Male,Faisalabad,Marketing,Tablet,Electronics,6,243912.68,16.86,Cash,Pending,1.4,2.0,11,1463476.08,246742.07,1216734.01
ORD10867,CUST1167,2026-03-27,23.0,Male,Gujranwala,HR,Headphones,Accessories,1,16786.55,0.18,Bank Transfer,Completed,2.4,5.0,9,16786.55,30.22,16756.33
ORD10868,CUST1168,2026-03-28,18.0,Male,Burewala,HR,Webcam,Office,7,205548.91,2.36,Cash,Cancelled,4.5,6.0,12,1438842.37,33956.68,1404885.69
ORD10869,CUST1169,2026-03-29,22.0,Male,Burewala,Operations,Mouse,Accessories,1,161754.33,26.44,EasyPaisa,Completed,1.8,7.0,9,161754.33,42767.84,118986.49
ORD10870,CUST1170,2026-03-30,58.0,Female,Gujranwala,IT,Smartwatch,Accessories,6,162011.86,2.34,JazzCash,Completed,1.3,3.0,1,972071.16,22746.47,949324.69
ORD10871,CUST1171,2026-03-31,29.0,Female,Lahore,Sales,Laptop,Accessories,3,32523.31,21.2,EasyPaisa,Completed,4.2,4.0,9,97569.93,20684.83,76885.1
ORD10872,CUST1172,2026-04-01,43.0,Female,Faisalabad,IT,Headphones,Electronics,2,162721.7,27.6,Bank Transfer,Completed,4.3,8.0,2,325443.4,89822.38,235621.02
ORD10873,CUST1173,2026-04-02,63.0,Male,Islamabad,IT,Tablet,Accessories,7,245629.4,8.12,Bank Transfer,Completed,1.7,4.0,3,1719405.8,139615.75,1579790.05
ORD10874,CUST1174,2026-04-03,51.0,Female,Lahore,Finance,Keyboard,Office,3,227998.73,11.11,Cash,Completed,4.4,7.0,0,683996.19,75991.98,608004.21
ORD10875,CUST1175,2026-04-04,31.0,Female,Rawalpindi,Operations,Smartwatch,Electronics,6,110063.1,17.07,Bank Transfer,Completed,3.7,12.0,3,660378.6,112726.63,547651.97
ORD10876,CUST1176,2026-04-05,43.0,Male,Gujranwala,Finance,Monitor,Office,2,10467.02,26.45,Card,Pending,3.1,6.0,15,20934.04,5537.05,15396.99
ORD10877,CUST1177,2026-04-06,62.0,Male,Islamabad,IT,Smartwatch,Office,4,90892.23,28.26,Bank Transfer,Completed,4.3,7.0,4,363568.92,102744.58,260824.34
ORD10878,CUST1178,2026-04-06,44.0,Female,Burewala,IT,Keyboard,Electronics,3,206684.38,22.19,Cash,Completed,2.7,1.0,2,620053.14,137589.79,482463.35
ORD10879,CUST1179,2026-04-07,26.0,Female,Karachi,IT,Keyboard,Office,3,175524.03,2.6,Cash,Completed,1.8,3.0,13,526572.09,13690.87,512881.22
ORD10880,CUST1180,2026-04-08,43.0,Female,Sialkot,Marketing,Mouse,Office,6,115106.24,20.07,Card,Completed,,6.0,10,690637.44,138610.93,552026.51
ORD10881,CUST1181,2026-04-09,64.0,Female,Burewala,Finance,Smartwatch,Electronics,5,14247.83,12.31,Cash,Pending,3.0,3.0,14,71239.15,8769.54,62469.61
ORD10882,CUST1182,2026-04-10,39.0,Male,Faisalabad,IT,Smartwatch,Office,6,107010.23,14.12,JazzCash,Completed,3.1,14.0,9,642061.38,90659.07,551402.31
ORD10883,CUST1183,2026-04-11,64.0,Female,Peshawar,HR,Mouse,Accessories,3,117521.72,1.47,EasyPaisa,Pending,4.2,14.0,15,352565.16,5182.71,347382.45
ORD10884,CUST1184,2026-04-12,47.0,Female,Karachi,Operations,Printer,Office,2,232174.61,5.73,Bank Transfer,Completed,4.2,7.0,1,464349.22,26607.21,437742.01
ORD10885,CUST1185,2026-04-13,60.0,Male,Sialkot,Operations,Printer,Accessories,5,160450.98,23.72,JazzCash,Completed,3.3,9.0,12,802254.9,190294.86,611960.04
ORD10886,CUST1186,2026-04-14,65.0,Female,Sialkot,HR,Webcam,Office,6,78257.4,13.62,Bank Transfer,Completed,4.1,3.0,5,469544.4,63951.95,405592.45
ORD10887,CUST1187,2026-04-15,34.0,Male,Rawalpindi,Operations,Printer,Electronics,7,131566.91,9.05,JazzCash,Completed,1.8,14.0,7,920968.37,83347.64,837620.73
ORD10888,CUST1188,2026-04-16,43.0,Male,Rawalpindi,Marketing,Phone,Electronics,6,16980.8,11.52,Bank Transfer,Completed,1.2,1.0,6,101884.8,11737.13,90147.67
ORD10889,CUST1189,2026-04-17,53.0,Male,Multan,Marketing,Smartwatch,Office,3,243155.77,25.63,Card,Pending,4.5,10.0,10,729467.31,186962.47,542504.84
ORD10890,CUST1190,2026-04-18,18.0,Female,Burewala,Sales,Laptop,Electronics,3,90334.95,22.47,Cash,Completed,1.3,13.0,13,271004.85,60894.79,210110.06
ORD10891,CUST1191,2026-04-19,25.0,Female,Burewala,Sales,Smartwatch,Office,4,119727.91,8.17,Cash,Completed,2.0,6.0,0,478911.64,39127.08,439784.56
ORD10892,CUST1192,2026-04-20,52.0,Male,Burewala,Sales,Phone,Electronics,6,89143.35,3.53,Card,Completed,3.8,12.0,3,534860.1,18880.56,515979.54
ORD10893,CUST1193,2026-04-21,32.0,Female,Multan,Operations,Phone,Accessories,3,170786.68,7.56,JazzCash,Completed,2.6,1.0,2,512360.04,38734.42,473625.62
ORD10894,CUST1194,2026-04-22,64.0,Female,Lahore,Marketing,Tablet,Office,7,165726.92,27.62,EasyPaisa,Completed,4.5,1.0,5,1160088.44,320416.43,839672.01
ORD10895,CUST1195,2026-04-22,39.0,Male,Sialkot,Marketing,Smartwatch,Accessories,1,178972.92,17.45,JazzCash,Completed,2.2,14.0,8,178972.92,31230.77,147742.15
ORD10896,CUST1196,2026-04-23,31.0,Male,Karachi,Marketing,Headphones,Accessories,5,67401.74,16.0,Cash,Completed,1.0,8.0,8,337008.7,53921.39,283087.31
ORD10897,CUST1197,2026-04-24,43.0,Female,Faisalabad,HR,Phone,Office,1,79259.29,17.89,EasyPaisa,Completed,2.2,9.0,6,79259.29,14179.49,65079.8
ORD10898,CUST1198,2026-04-25,45.0,Male,Sialkot,Marketing,Laptop,Accessories,5,31750.18,10.98,Bank Transfer,Completed,3.3,2.0,14,158750.9,17430.85,141320.05
ORD10899,CUST1199,2026-04-26,40.0,Female,Rawalpindi,HR,Mouse,Office,7,164049.74,24.21,EasyPaisa,Cancelled,2.5,9.0,11,1148348.18,278015.09,870333.09
ORD10900,CUST1200,2026-04-27,31.0,Female,Islamabad,Sales,Webcam,Accessories,6,10429.38,15.7,JazzCash,Completed,3.1,5.0,8,62576.28,9824.48,52751.8
ORD10901,CUST1201,2026-04-28,41.0,Female,Peshawar,Sales,Tablet,Office,4,149621.74,3.5,Card,Completed,4.5,13.0,7,598486.96,20947.04,577539.92
ORD10902,CUST1202,2026-04-29,19.0,Female,Multan,Operations,Mouse,Office,3,217489.12,3.87,Bank Transfer,Returned,4.6,8.0,4,652467.36,25250.49,627216.87
ORD10903,CUST1203,2026-04-30,62.0,Male,Gujranwala,Sales,Tablet,Electronics,3,222762.62,16.11,JazzCash,Completed,2.1,7.0,8,668287.86,107661.17,560626.69
ORD10904,CUST1204,2026-05-01,43.0,Male,Islamabad,Operations,Laptop,Office,3,112534.92,28.1,Bank Transfer,Completed,2.8,7.0,13,337604.76,94866.94,242737.82
ORD10905,CUST1205,2026-05-02,31.0,Male,Faisalabad,IT,Keyboard,Office,6,115096.27,9.25,EasyPaisa,Completed,3.2,4.0,6,690577.62,63878.43,626699.19
ORD10906,CUST1206,2026-05-03,24.0,Male,Burewala,IT,Smartwatch,Accessories,5,19703.81,26.09,Cash,Completed,4.8,2.0,4,98519.05,25703.62,72815.43
ORD10907,CUST1207,2026-05-04,20.0,Female,Rawalpindi,Finance,Monitor,Office,7,167855.87,22.92,JazzCash,Completed,,5.0,15,1174991.09,269307.96,905683.13
ORD10908,CUST1208,2026-05-05,64.0,Female,Rawalpindi,Operations,Headphones,Electronics,3,205404.23,7.43,Card,Returned,1.9,14.0,14,616212.69,45784.6,570428.09
ORD10909,CUST1209,2026-05-06,40.0,Male,Rawalpindi,Finance,Mouse,Accessories,1,61541.44,1.09,EasyPaisa,Completed,3.9,11.0,7,61541.44,670.8,60870.64
ORD10910,CUST1210,2026-05-07,63.0,Female,Burewala,Finance,Smartwatch,Accessories,3,105614.57,3.06,JazzCash,Pending,2.5,11.0,14,316843.71,9695.42,307148.29
ORD10911,CUST1211,2026-05-08,60.0,Female,Gujranwala,IT,Headphones,Electronics,6,209790.41,21.85,Card,Completed,1.0,3.0,6,1258742.46,275035.23,983707.23
ORD10912,CUST1212,2026-05-09,64.0,Female,Multan,Operations,Keyboard,Accessories,7,219341.56,5.99,JazzCash,Completed,1.0,14.0,8,1535390.92,91969.92,1443421.0
ORD10913,CUST1213,2026-05-09,62.0,Male,Islamabad,IT,Monitor,Accessories,4,61173.41,,EasyPaisa,Completed,2.8,9.0,9,244693.64,27258.87,217434.77
ORD10914,CUST1214,2026-05-10,35.0,Male,Burewala,Finance,Headphones,Accessories,7,137867.37,15.05,JazzCash,Cancelled,3.0,6.0,0,965071.59,145243.27,819828.32
ORD10915,CUST1215,2026-05-11,55.0,Male,Faisalabad,Operations,Headphones,Accessories,1,48527.04,21.76,Bank Transfer,Returned,1.1,1.0,14,48527.04,10559.48,37967.56
ORD10916,CUST1216,2026-05-12,52.0,Female,Multan,Finance,Mouse,Electronics,3,25918.75,3.4,EasyPaisa,Completed,3.7,3.0,12,77756.25,2643.71,75112.54
ORD10917,CUST1217,2026-05-13,32.0,Male,Faisalabad,Marketing,Printer,Electronics,3,227824.57,12.19,JazzCash,Returned,2.2,12.0,8,683473.71,83315.45,600158.26
ORD10918,CUST1218,2026-05-14,42.0,Male,Multan,Operations,Monitor,Accessories,2,205216.62,14.55,Cash,Completed,3.2,4.0,14,410433.24,59718.04,350715.2
ORD10919,CUST1219,2026-05-15,54.0,Male,Gujranwala,Operations,Smartwatch,Accessories,5,190128.71,16.22,JazzCash,Completed,2.2,9.0,6,950643.55,154194.38,796449.17
ORD10920,CUST1220,2026-05-16,,Male,Peshawar,Finance,Keyboard,Electronics,1,12667.2,24.55,Bank Transfer,Completed,1.7,11.0,0,12667.2,3109.8,9557.4
ORD10921,CUST1221,2026-05-17,27.0,Male,Faisalabad,Marketing,Monitor,Electronics,2,211010.33,5.15,Card,Completed,2.6,6.0,0,422020.66,21734.06,400286.6
ORD10922,CUST1222,2026-05-18,56.0,Male,Burewala,HR,Laptop,Electronics,7,109792.0,24.23,Card,Completed,1.9,4.0,4,768544.0,186218.21,582325.79
ORD10923,CUST1223,2026-05-19,34.0,Female,Multan,IT,Printer,Accessories,4,85927.58,,Card,Completed,3.1,1.0,7,343710.32,71457.38,272252.94
ORD10924,CUST1224,2026-05-20,56.0,Female,Rawalpindi,Finance,Laptop,Accessories,5,136845.85,16.68,Cash,Completed,1.8,8.0,8,684229.25,114129.44,570099.81
ORD10925,CUST1225,2026-05-21,39.0,Male,Sialkot,Operations,Keyboard,Office,1,23292.63,20.99,Bank Transfer,Completed,3.0,14.0,11,23292.63,4889.12,18403.51
ORD10926,CUST1226,2026-05-22,43.0,Male,Rawalpindi,IT,Mouse,Electronics,3,189283.31,12.36,EasyPaisa,Completed,1.6,11.0,5,567849.93,70186.25,497663.68
ORD10927,CUST1227,2026-05-23,,Female,Lahore,IT,Mouse,Accessories,7,145817.55,,Card,Returned,3.7,2.0,11,1020722.85,42360.0,978362.85
ORD10928,CUST1228,2026-05-24,42.0,Female,Peshawar,IT,Keyboard,Electronics,1,47054.23,19.97,Bank Transfer,Completed,4.0,11.0,12,47054.23,9396.73,37657.5
ORD10929,CUST1229,2026-05-25,34.0,Male,Peshawar,HR,Tablet,Accessories,3,47463.93,15.74,JazzCash,Completed,1.4,11.0,9,142391.79,22412.47,119979.32
ORD10930,CUST1230,2026-05-25,30.0,Male,Rawalpindi,Sales,Keyboard,Electronics,5,46470.04,19.18,Cash,Completed,2.9,8.0,11,232350.2,44564.77,187785.43
ORD10931,CUST1231,2026-05-26,37.0,Male,Islamabad,Finance,Printer,Accessories,3,14722.1,10.14,Bank Transfer,Completed,1.3,6.0,7,44166.3,4478.46,39687.84
ORD10932,CUST1232,2026-05-27,42.0,Male,Gujranwala,Sales,Phone,Office,4,147155.71,27.21,Bank Transfer,Pending,3.4,8.0,14,588622.84,160164.27,428458.57
ORD10933,CUST1233,2026-05-28,21.0,Female,Faisalabad,Sales,Mouse,Office,7,210166.87,17.62,EasyPaisa,Completed,2.1,6.0,5,1471168.09,259219.82,1211948.27
ORD10934,CUST1234,2026-05-29,27.0,Male,Burewala,Sales,Webcam,Electronics,6,4865.8,,Bank Transfer,Pending,3.1,5.0,10,29194.8,747.39,28447.41
ORD10935,CUST1235,2026-05-30,20.0,Male,Peshawar,IT,Printer,Accessories,3,12726.66,13.49,EasyPaisa,Completed,3.1,5.0,5,38179.98,5150.48,33029.5
ORD10936,CUST1236,2026-05-31,58.0,Male,Rawalpindi,Marketing,Printer,Accessories,4,143406.18,22.69,Cash,Completed,4.7,14.0,3,573624.72,130155.45,443469.27
ORD10937,CUST1237,2026-06-01,62.0,Male,Rawalpindi,IT,Printer,Electronics,6,204964.17,23.82,Cash,Completed,3.2,14.0,10,1229785.02,292934.79,936850.23
ORD10938,CUST1238,2026-06-02,35.0,Female,Gujranwala,IT,Headphones,Accessories,7,82021.35,14.84,JazzCash,Completed,3.3,10.0,4,574149.45,85203.78,488945.67
ORD10939,CUST1239,2026-06-03,64.0,Female,Gujranwala,Operations,Printer,Electronics,5,87728.79,26.84,EasyPaisa,Completed,2.6,10.0,15,438643.95,117732.04,320911.91
ORD10940,CUST1240,2026-06-04,53.0,Female,Karachi,Operations,Mouse,Accessories,5,149288.45,8.03,EasyPaisa,Completed,4.8,11.0,13,746442.25,59939.31,686502.94
ORD10941,CUST1241,2026-06-05,64.0,Male,Karachi,Sales,Phone,Electronics,7,68916.12,12.32,Card,Completed,4.1,8.0,1,482412.84,59433.26,422979.58
ORD10942,CUST1242,2026-06-06,39.0,Male,Islamabad,IT,Phone,Accessories,7,7138.79,26.96,Card,Completed,2.1,7.0,2,49971.53,13472.32,36499.21
ORD10943,CUST1243,2026-06-07,51.0,Female,Islamabad,Sales,Printer,Electronics,1,183939.52,26.89,JazzCash,Returned,4.4,8.0,2,183939.52,49461.34,134478.18
ORD10944,CUST1244,2026-06-08,64.0,Male,Lahore,Operations,Laptop,Accessories,4,156599.65,20.57,Cash,Completed,2.7,12.0,13,626398.6,128850.19,497548.41
ORD10945,CUST1245,2026-06-09,25.0,Male,Islamabad,Marketing,Mouse,Office,4,145398.62,25.77,Card,Completed,4.3,8.0,11,581594.48,149876.9,431717.58
ORD10946,CUST1246,2026-06-10,57.0,Female,Multan,Finance,Mouse,Accessories,7,185550.19,2.66,Bank Transfer,Completed,4.3,7.0,10,1298851.33,34549.45,1264301.88
ORD10947,CUST1247,2026-06-11,61.0,Female,Gujranwala,Sales,Monitor,Electronics,2,168970.09,25.95,Cash,Completed,1.8,2.0,4,337940.18,87695.48,250244.7
ORD10948,CUST1248,2026-06-11,36.0,Female,Burewala,Marketing,Smartwatch,Office,2,51867.56,9.62,Bank Transfer,Completed,3.8,11.0,13,103735.12,9979.32,93755.8
ORD10949,CUST1249,2026-06-12,59.0,Female,Multan,Finance,Tablet,Accessories,6,88444.02,5.35,EasyPaisa,Cancelled,2.2,9.0,4,530664.12,28390.53,502273.59
ORD10950,CUST1250,2026-06-13,58.0,Male,Faisalabad,HR,Tablet,Office,6,31964.48,7.18,Cash,Returned,2.2,,5,191786.88,13770.3,178016.58
ORD10951,CUST1251,2026-06-14,54.0,Male,Rawalpindi,Sales,Laptop,Accessories,2,32899.32,12.54,JazzCash,Completed,2.2,7.0,4,65798.64,8251.15,57547.49
ORD10952,CUST1252,2026-06-15,23.0,Female,Islamabad,Sales,Tablet,Office,7,169210.84,7.54,EasyPaisa,Completed,3.9,12.0,11,1184475.88,89309.48,1095166.4
ORD10953,CUST1253,2026-06-16,43.0,Male,Rawalpindi,HR,Monitor,Electronics,7,214720.73,9.62,EasyPaisa,Completed,1.9,11.0,5,1503045.11,144592.94,1358452.17
ORD10954,CUST1254,2026-06-17,51.0,Female,Peshawar,HR,Keyboard,Accessories,6,240701.78,4.05,Bank Transfer,Completed,1.0,6.0,7,1444210.68,58490.53,1385720.15
ORD10955,CUST1255,2026-06-18,62.0,Female,Lahore,Sales,Tablet,Accessories,3,157272.61,8.89,EasyPaisa,Completed,3.9,9.0,14,471817.83,41944.61,429873.22
ORD10956,CUST1256,2026-06-19,23.0,Male,Peshawar,HR,Mouse,Electronics,7,46433.28,17.17,Card,Completed,1.7,13.0,1,325032.96,55808.16,269224.8
ORD10957,CUST1257,2026-06-20,54.0,Female,Lahore,IT,Keyboard,Office,2,26859.76,13.26,Cash,Completed,1.4,1.0,3,53719.52,7123.21,46596.31
ORD10958,CUST1258,2026-06-21,50.0,Male,Karachi,Finance,Tablet,Electronics,4,203306.32,10.4,Card,Completed,2.0,11.0,12,813225.28,84575.43,728649.85
ORD10959,CUST1259,2026-06-22,39.0,Male,Rawalpindi,Finance,Mouse,Electronics,7,144899.74,22.39,Bank Transfer,Completed,2.5,2.0,15,1014298.18,227101.36,787196.82
ORD10960,CUST1260,2026-06-23,38.0,Male,Lahore,Finance,Mouse,Office,7,154762.11,26.81,Bank Transfer,Completed,2.9,13.0,5,1083334.77,290442.05,792892.72
ORD10961,CUST1261,2026-06-24,23.0,Male,Sialkot,IT,Printer,Electronics,3,195474.79,22.7,Cash,Completed,1.2,1.0,11,586424.37,133118.33,453306.04
ORD10962,CUST1262,2026-06-25,23.0,Female,Multan,HR,Phone,Accessories,6,175967.67,9.96,EasyPaisa,Completed,4.9,10.0,4,1055806.02,105158.28,950647.74
ORD10963,CUST1263,2026-06-26,65.0,Male,Lahore,Marketing,Laptop,Accessories,7,208697.33,22.33,JazzCash,Cancelled,3.9,12.0,0,1460881.31,326214.8,1134666.51
ORD10964,CUST1264,2026-06-27,21.0,Female,Lahore,HR,Monitor,Accessories,5,14525.37,4.56,Bank Transfer,Completed,2.3,3.0,8,72626.85,3311.78,69315.07
ORD10965,CUST1265,2026-06-27,47.0,Female,Multan,Sales,Headphones,Electronics,1,187006.4,3.91,Cash,Pending,2.3,11.0,2,187006.4,7311.95,179694.45
ORD10966,CUST1266,2026-06-28,28.0,Female,Rawalpindi,Operations,Smartwatch,Accessories,2,212787.76,10.37,JazzCash,Completed,2.8,5.0,1,425575.52,44132.18,381443.34
ORD10967,CUST1267,2026-06-29,47.0,Female,Rawalpindi,Finance,Tablet,Accessories,5,71890.69,,EasyPaisa,Completed,3.5,1.0,8,359453.45,87095.57,272357.88
ORD10968,CUST1268,2026-06-30,48.0,Male,Multan,HR,Tablet,Accessories,6,160291.59,7.39,Bank Transfer,Completed,1.6,4.0,6,961749.54,71073.29,890676.25
ORD10969,CUST1269,2026-07-01,41.0,Male,Peshawar,Marketing,Keyboard,Accessories,4,78883.43,1.9,Cash,Completed,1.8,14.0,4,315533.72,5995.14,309538.58
ORD10970,CUST1270,2026-07-02,26.0,Female,Sialkot,Sales,Keyboard,Accessories,1,239513.78,3.95,Cash,Returned,4.4,13.0,11,239513.78,9460.79,230052.99
ORD10971,CUST1271,2026-07-03,20.0,Female,Burewala,IT,Smartwatch,Accessories,5,8839.18,25.76,Cash,Completed,2.0,8.0,5,44195.9,11384.86,32811.04
ORD10972,CUST1272,2026-07-04,48.0,Male,Faisalabad,IT,Tablet,Electronics,1,145158.31,19.01,Bank Transfer,Completed,2.5,6.0,11,145158.31,27594.59,117563.72
ORD10973,CUST1273,2026-07-05,57.0,Female,Sialkot,Marketing,Webcam,Accessories,2,42042.63,7.6,JazzCash,Completed,4.5,13.0,10,84085.26,6390.48,77694.78
ORD10974,CUST1274,2026-07-06,54.0,Male,Rawalpindi,Sales,Monitor,Accessories,6,178198.94,16.66,Cash,Returned,3.7,1.0,15,1069193.64,178127.66,891065.98
ORD10975,CUST1275,2026-07-07,53.0,Female,Burewala,Finance,Tablet,Office,7,44384.63,15.83,EasyPaisa,Completed,2.4,12.0,3,310692.41,49182.61,261509.8
ORD10976,CUST1276,2026-07-08,41.0,Male,Karachi,HR,Phone,Electronics,4,59228.12,19.66,Cash,Returned,3.7,1.0,0,236912.48,46576.99,190335.49
ORD10977,CUST1277,2026-07-09,48.0,Female,Islamabad,Sales,Smartwatch,Electronics,6,123845.52,7.0,JazzCash,Cancelled,1.1,3.0,3,743073.12,52015.12,691058.0
ORD10978,CUST1278,2026-07-10,23.0,Female,Lahore,IT,Webcam,Electronics,1,228751.32,25.93,Bank Transfer,Completed,3.9,14.0,8,228751.32,59315.22,169436.1
ORD10979,CUST1279,2026-07-11,19.0,Male,Multan,Marketing,Monitor,Electronics,5,53322.74,9.28,Cash,Pending,2.9,10.0,0,266613.7,24741.75,241871.95
ORD10980,CUST1280,2026-07-12,37.0,Female,Multan,Marketing,Tablet,Accessories,2,36487.89,20.82,Cash,Returned,4.3,8.0,9,72975.78,15193.56,57782.22
ORD10981,CUST1281,2026-07-13,45.0,Female,Lahore,HR,Headphones,Accessories,2,189864.72,0.48,EasyPaisa,Completed,4.8,11.0,2,379729.44,1822.7,377906.74
ORD10982,CUST1282,2026-07-14,28.0,Male,Islamabad,Marketing,Printer,Office,6,125404.57,11.18,EasyPaisa,Completed,4.7,11.0,14,752427.42,84121.39,668306.03
ORD10983,CUST1283,2026-07-14,21.0,Female,Faisalabad,Marketing,Phone,Office,7,227990.39,10.55,Cash,Completed,4.6,14.0,14,1595932.73,168370.9,1427561.83
ORD10984,CUST1284,2026-07-15,32.0,Male,Islamabad,Sales,Headphones,Electronics,5,37080.33,16.3,Cash,Completed,3.0,8.0,4,185401.65,30220.47,155181.18
ORD10985,CUST1285,2026-07-16,23.0,Male,Burewala,Finance,Keyboard,Office,7,161659.01,2.18,EasyPaisa,Completed,2.4,13.0,6,1131613.07,24669.16,1106943.91
ORD10986,CUST1286,2026-07-17,47.0,Female,Islamabad,HR,Keyboard,Office,7,58603.35,23.7,JazzCash,Completed,2.9,3.0,8,410223.45,97222.96,313000.49
ORD10987,CUST1287,2026-07-18,55.0,Female,Burewala,Sales,Tablet,Electronics,5,39611.73,6.53,Card,Completed,3.8,7.0,5,198058.65,12933.23,185125.42
ORD10988,CUST1288,2026-07-19,19.0,Female,Islamabad,Finance,Keyboard,Electronics,1,171015.64,20.31,Card,Completed,4.5,12.0,2,171015.64,34733.28,136282.36
ORD10989,CUST1289,2026-07-20,32.0,Female,Faisalabad,Sales,Phone,Office,6,148624.31,24.1,Cash,Completed,1.8,3.0,12,891745.86,214910.75,676835.11
ORD10990,CUST1290,2026-07-21,28.0,Female,Faisalabad,Operations,Monitor,Accessories,6,188829.45,16.86,EasyPaisa,Cancelled,4.7,4.0,6,1132976.7,191019.87,941956.83
ORD10991,CUST1291,2026-07-22,25.0,Female,Rawalpindi,Sales,Mouse,Office,3,77710.91,22.23,Bank Transfer,Completed,4.3,9.0,14,233132.73,51825.41,181307.32
ORD10992,CUST1292,2026-07-23,43.0,Female,Lahore,Marketing,Laptop,Office,6,112268.93,19.86,Bank Transfer,Completed,4.9,13.0,13,673613.58,133779.66,539833.92
ORD10993,CUST1293,2026-07-24,62.0,Male,Faisalabad,Finance,Smartwatch,Accessories,2,101665.18,10.67,Card,Completed,4.5,4.0,3,203330.36,21695.35,181635.01
ORD10994,CUST1294,2026-07-25,61.0,Female,Burewala,HR,Monitor,Accessories,1,246030.32,24.27,JazzCash,Completed,2.1,3.0,2,246030.32,59711.56,186318.76
ORD10995,CUST1295,2026-07-26,22.0,Male,Faisalabad,HR,Mouse,Electronics,5,73416.11,8.84,Card,Returned,1.4,5.0,13,367080.55,32449.92,334630.63
ORD10996,CUST1296,2026-07-27,23.0,Female,Rawalpindi,Finance,Webcam,Electronics,6,74056.9,17.14,Cash,Completed,1.4,7.0,6,444341.4,76160.12,368181.28
ORD10997,CUST1297,2026-07-28,43.0,Female,Multan,Marketing,Phone,Office,1,88959.78,22.36,JazzCash,Completed,2.2,5.0,10,88959.78,19891.41,69068.37
ORD10998,CUST1298,2026-07-29,21.0,Male,Burewala,IT,Headphones,Accessories,6,141366.22,11.37,Bank Transfer,Returned,3.5,4.0,10,848197.32,96440.04,751757.28
ORD10999,CUST1299,2026-07-30,36.0,Female,Rawalpindi,Sales,Mouse,Electronics,5,63454.52,9.08,EasyPaisa,Returned,4.2,8.0,6,317272.6,28808.35,288464.25
ORD11000,CUST1300,2026-07-31,37.0,Female,Peshawar,Marketing,Phone,Office,4,228864.84,13.78,EasyPaisa,Pending,4.6,4.0,3,915459.36,126150.3,789309.06
